id,title,company,location,salary_min,salary_max,created,category,description,salary_avg
5447338843,Network Infrastructure Engineer,EOS IT Company,"Sydney, Sydney Region",,,2025-10-15,IT Jobs,"Our Company EOS IT Solutions is a Global Technology and Logistics company, providing Collaboration and Business IT Support services to some of the world’s largest industry leaders, delivering forward-thinking solutions based on multi-domain architecture. Customer satisfaction and commitment to superior quality of service are our top business priorities, along with investing in and supporting our partners and employees. We are a true International IT provider and are proud to deliver our service…",0.0
5537241013,Network Operations & Build Engineer,EOS IT Company,"Sydney, Sydney Region",,,2025-12-11,IT Jobs,"Our Company EOS IT Solutions is a Global Technology and Logistics company, providing Collaboration and Business IT Support services to some of the world’s largest industry leaders, delivering forward-thinking solutions based on multi-domain architecture. Customer satisfaction and commitment to superior quality of service are our top business priorities, along with investing in and supporting our partners and employees. We are a true International IT provider and are proud to deliver our service…",0.0
5605866387,Production / Plant Engineer,Sabre Engineering Group Pty Ltd,"Lane Cove, Lane Cove Area",75000.0,85000.0,2026-01-30,Manufacturing Jobs,"Production / Plant Engineer Sabre Medical – Lane Cove West NSW 2066 Salary Guide $75,000 - $85,000 Sabre Medical is seeking a Production or Plant Engineer to join our state-of-the-art manufacturing facility in Lane Cove West. This is a hands-on role suited to an engineer who enjoys working closely with production, improving processes, and ensuring plant and equipment operate at optimum performance. About the Role Reporting to the Engineering and Operations team, you will be responsible for plan…",80000.0
5626391990,Mechanical Engineer Projects Supervisor,GDP Group,"Lane Cove West, Lane Cove Area",75000.0,80000.0,2026-02-13,Trade & Construction Jobs,"About GDP Group We are a National company employing 120 staff in Melbourne, Sydney & Brisbane, operating for 24 years We provide diverse range of facilities management solutions to prominent & prestigious buildings in and around the CBD. Our core business units include: · Service & Repairs to Building Maintenance Units (BMUs), · Commercial & Remedial Construction · Height Access Installations & Certifications · High Rise Window Cleaning, About the Team: Join a collaborative and supportive team,…",77500.0
5617111828,Software Engineer,Mercor,"The Rocks, Sydney",,,2026-02-06,IT Jobs,"This is a Software Engineer role with Mercor based in Sydney, NSW, Australia  Mercor  Role Seniority - junior, mid level, senior More about the Software Engineer role at Mercor Mercor is hiring experienced Software Engineering professionals to support a variety of high-impact research collaborations with leading AI labs. Freelancers will help improve AI systems through work on code validation, prompt refinement, algorithmic evaluation, and model benchmarking. This is a unique opportunity to app…",0.0
5637583986,"Principal Engineer, Platform Engineering",ResMed,"The Rocks, Sydney",,,2026-02-20,IT Jobs,"This is a Principal Engineer, Platform Engineering role with ResMed based in Sydney, NSW, AU  ResMed  Role Seniority - senior More about the Principal Engineer, Platform Engineering role at ResMed Global Technology Solutions (GTS) at ResMed is a division dedicated to creating innovative, scalable, and secure platforms and services for patients, providers, and people across ResMed. The primary goal of GTS is to accelerate well-being and growth by transforming the core, enabling patient, people, …",0.0
5637214482,"Lead Engineer, Engineering Productivity",Neara,"The Rocks, Sydney",,,2026-02-20,IT Jobs,"This is a Lead Engineer, Engineering Productivity role with Neara based in Sydney, NSW, AU  Neara  Role Seniority - senior More about the Lead Engineer, Engineering Productivity role at Neara Neara is a high-growth technology company, backed by some of the world’s leading venture capital and private equity investors, including EQT and Partners Group. Neara has developed a software platform that builds sophisticated, engineering-grade 3D digital models of critical infrastructure, delivered under…",0.0
5633012936,Backend Engineer,ezyCollect by Sidetrade,"The Rocks, Sydney",,,2026-02-17,IT Jobs,"This is a Backend Engineer role with ezyCollect by Sidetrade based in Sydney, NSW, AU  ezyCollect by Sidetrade  Role Seniority - mid level More about the Backend Engineer role at ezyCollect by Sidetrade About Founded in Sydney in 2014, ezyCollect by Sidetrade is Australia's leading Order-to-Cash platform for small and mid-sized businesses. We automate credit management, collections, and payments - taking the manual work out of getting paid. Our 1,100 customers manage A$19 billion in receivables…",0.0
5543872973,Engineering Manager,Immutable,"The Rocks, Sydney",,,2025-12-16,IT Jobs,"This is a Engineering Manager role with Immutable based in Sydney, NSW, AU  Immutable  Role Seniority - mid level More about the Engineering Manager role at Immutable About Us  Immutable is a global technology company, powering the leading platform for building games on Ethereum. We are on a mission to build the future of gaming by redefining how games are played and discovered. Founded in 2018, Immutable is one of the fastest Australian companies to hit unicorn status, having raised more than …",0.0
5580171911,DevOps Engineer,Ignition,"The Rocks, Sydney",,,2026-01-12,IT Jobs,"This is a DevOps Engineer role with Ignition based in Sydney, NSW, AU  Ignition  Role Seniority - mid level More about the DevOps Engineer role at Ignition Company Description Who we are: Founded in 2013, Ignition is the recurring revenue and billing automation platform for firms and agencies to transform their sales, billing and payment processes. Ignition automates proposals, invoicing, payments and workflows in a single platform, empowering 8,500 businesses to sell, bill and get paid for the…",0.0
5543863047,Software Engineer,Anduril Industries,"The Rocks, Sydney",,,2025-12-16,Engineering Jobs,"This is a Software Engineer role with Anduril Industries based in Sydney, NSW, AU  Anduril Industries  Role Seniority - mid level More about the Software Engineer role at Anduril Industries Anduril Industries is a defense technology company with a mission to transform U.S. and allied military capabilities with advanced technology. By bringing the expertise, technology, and business model of the 21st century’s most innovative companies to the defense industry, Anduril is changing how military sy…",0.0
5637144438,Software Engineer,ResMed,"The Rocks, Sydney",,,2026-02-20,IT Jobs,"This is a Software Engineer role with ResMed based in Sydney, NSW, AU  ResMed  Role Seniority - mid level More about the Software Engineer role at ResMed The primary role of Software Engineering group in Test Systems Platforms is to create software solutions, designs and architecture for new products or improvements and enhancements to existing Manufacturing software systems. Software design and architecture are captured in specifications which are created in consultation with internal stakehol…",0.0
5632953485,Fullstack Engineer,Karbon,"The Rocks, Sydney",,,2026-02-17,IT Jobs,"This is a Fullstack Engineer role with Karbon based in Sydney, NSW, AU  Karbon  Role Seniority - junior, mid level More about the Fullstack Engineer role at Karbon About Karbon Karbon is the global leader in practice management software for growth-minded accounting firms. We provide an award-winning, highly collaborative cloud platform that streamlines work and communication, enabling the average accounting firm using Karbon to save 18.5 hours per week, per employee. We have customers in 34 cou…",0.0
5637348045,"Site Reliability Engineer, Security Engineering",TikTok,"The Rocks, Sydney",,,2026-02-20,IT Jobs,"This is a Site Reliability Engineer, Security Engineering role with TikTok based in Sydney, NSW, AU  TikTok  Role Seniority - mid level More about the Site Reliability Engineer, Security Engineering role at TikTok About the Team As part of the Security Engineering team, we are responsible for supporting the company's construction of security capabilities and platform services, combining other teams to create efficient and high-quality service docking capabilities, enhancing interactive experien…",0.0
5637668914,Systems Engineer,ResMed,"The Rocks, Sydney",,,2026-02-20,Engineering Jobs,"This is a Systems Engineer role with ResMed based in Sydney, NSW, AU  ResMed  Role Seniority - mid level More about the Systems Engineer role at ResMed Joining ResMed will provide you an opportunity to make a difference in someone’s life by offering better solutions for them to live a healthier life. Through this job, you can really say you’re contributing to the health of others. As an engineer you will participate as a team member within larger projects, but also lead your own initiatives and…",0.0
5637755123,Structural Engineer,ACOR Consultants,"The Rocks, Sydney",,,2026-02-20,Engineering Jobs,"This is a Structural Engineer role with ACOR Consultants based in Sydney, NSW, AU  ACOR Consultants  Role Seniority - junior, mid level More about the Structural Engineer role at ACOR Consultants ACOR is a national, employee-owned engineering consulting firm, offering a full range of specialist engineering services across multiple sectors. We have a proven track record for the successful delivery of large-scale multi-discipline projects, as well as smaller niche assignments. Our client’s needs …",0.0
5637670265,"Director, Engineering",Clio,"The Rocks, Sydney",,,2026-02-20,Engineering Jobs,"This is a Director, Engineering role with Clio based in Sydney, NSW, AU  Clio  Role Seniority - director More about the Director, Engineering role at Clio Clio is more than just a tech company–we are a global leader that is transforming the legal experience for all by bettering the lives of legal professionals while increasing access to justice. Summary: We’re looking for a Director of Engineering to join our rapidly growing Engineering team. This role is for someone who is passionate about bui…",0.0
5637233522,Engineering Manager,Eucalyptus,"New South Wales, Australia",,,2026-02-20,IT Jobs,"This is a Engineering Manager role with Eucalyptus based in NSW, AU  Eucalyptus  Role Seniority - mid level More about the Engineering Manager role at Eucalyptus About Eucalyptus We’re on a mission to make good health last a lifetime . More than 1 billion people live with obesity worldwide, driving preventable chronic conditions. We’re here to build better long-term care. Euc is the company behind Juniper , one of the world’s largest weight-management programs combining GLP-1 medication with pe…",0.0
5637347824,Engineering Intern,Heidi Health,"Mortlake, Canada Bay Area",,,2026-02-20,IT Jobs,"This is a Engineering Intern role with Heidi Health based in Concord, NSW, AU  Heidi Health  Role Seniority - intern More about the Engineering Intern role at Heidi Health Who Are Heidi? Heidi is building an AI Care Partner that supports clinicians every step of the way, from documentation to delivery of care. We exist to double healthcare’s capacity while keeping care deeply human. In just 18 months, Heidi has returned more than 18 million hours to clinicians and supported over 73 million pati…",0.0
5637713389,Engineering Manager,ResMed,"The Rocks, Sydney",,,2026-02-20,IT Jobs,"This is a Engineering Manager role with ResMed based in Sydney, NSW, AU  ResMed  Role Seniority - mid level More about the Engineering Manager role at ResMed At Resmed, we are changing lives with every breath – improve patient quality of life, prevent chronic disease progression and reduce healthcare system costs. Our mission is to delight Resmed's developer community with an opinionated, yet empathetic developer experience that avoids surprise, is a joy to use, and abstracts the complexities o…",0.0
5637759011,Solutions Engineer,Afterpay ,"The Rocks, Sydney",,,2026-02-20,IT Jobs,"This is a Solutions Engineer role with Afterpay (Square) based in Sydney, NSW, AU  Afterpay (Square)  Role Seniority - senior More about the Solutions Engineer role at Afterpay (Square) Join a movement in which everyone can win. We started a movement in which everyone can win – shoppers, retailers, society and every person on our team. To play fair, trust people and reward them for doing the right thing. We see and feel the impact of our work as more and more people gain financial freedom and r…",0.0
5637758914,Data Engineer,Gumtree Group,"The Rocks, Sydney",,,2026-02-20,IT Jobs,"This is a Data Engineer role with Gumtree Group based in Sydney, NSW, AU  Gumtree Group  Role Seniority - mid level More about the Data Engineer role at Gumtree Group Join us at Gumtree Group (Gumtree, CarsGuide, Autotrader) as we grow Australia's leading classifieds and lifestyle network, reaching 1 in 4 Aussies every month. About The Role We're looking for a talented Data Engineer to join our Data and Analytics Team. You will contribute to the design, development and maintenance of our new cl…",0.0
5637656970,Robotics Engineer,Anduril Industries,"Banksia, Rockdale Area",,,2026-02-20,Engineering Jobs,"This is a Robotics Engineer role with Anduril Industries based in Rockdale, NSW, AU  Anduril Industries  Role Seniority - senior More about the Robotics Engineer role at Anduril Industries Anduril Industries is a defense technology company with a mission to transform U.S. and allied military capabilities with advanced technology. By bringing the expertise, technology, and business model of the 21st century’s most innovative companies to the defense industry, Anduril is changing how military sys…",0.0
5637348074,Staff Engineer,Culture Amp,"The Rocks, Sydney",,,2026-02-20,IT Jobs,"This is a Staff Engineer role with Culture Amp based in Sydney, NSW, AU  Culture Amp  Role Seniority - senior More about the Staff Engineer role at Culture Amp Join us on our mission to make a better world of work. Culture Amp is the world’s leading employee experience platform, revolutionizing how 25 million employees across more than 6,500 companies create a better world of work. Culture Amp empowers companies of all sizes and industries to transform employee engagement, drive performance man…",0.0
5637584277,Data Engineer,Infosys,"The Rocks, Sydney",,,2026-02-20,IT Jobs,"This is a Data Engineer role with Infosys based in Sydney, NSW, AU  Infosys  Role Seniority - mid level More about the Data Engineer role at Infosys About Us Infosys is a global leader in next-generation digital services and consulting. We enable clients in more than 56 countries to navigate their digital transformation. With over four decades of experience in managing the systems and workings of global enterprises, we expertly steer our clients through their digital journey. We do it by enabli…",0.0
5637371985,Industrial Engineer,Wabtec Corporation,"New South Wales, Australia",,,2026-02-20,Manufacturing Jobs,"This is a Industrial Engineer role with Wabtec Corporation based in NSW, AU  Wabtec Corporation  Role Seniority - mid level More about the Industrial Engineer role at Wabtec Corporation It’s not just about your career or job title… It’s about who you are and the impact you will make on the world. Because whether it’s for each other or our customers, we put People First. When our people come together, we Expand the Possible and continuously look for ways to improve what we create and how we do i…",0.0
5637347739,GTM Engineer,Heidi Health,"The Rocks, Sydney",,,2026-02-20,IT Jobs,"This is a GTM Engineer role with Heidi Health based in Sydney, NSW, AU  Heidi Health  Role Seniority - mid level More about the GTM Engineer role at Heidi Health Who we are Healthcare needs a better rhythm: one that keeps care continuous and deeply human. Heidi is building an AI Care Partner that works alongside clinicians to make that possible. We’re a team of doctors, engineers, designers, researchers, and creatives building tools that help clinicians stay focused on what matters most: their …",0.0
5637656986,GTM Engineer,Heidi Health,"Mortlake, Canada Bay Area",,,2026-02-20,IT Jobs,"This is a GTM Engineer role with Heidi Health based in Concord, NSW, AU  Heidi Health  Role Seniority - mid level More about the GTM Engineer role at Heidi Health Who we are Healthcare needs a better rhythm: one that keeps care continuous and deeply human. Heidi is building an AI Care Partner that works alongside clinicians to make that possible. We’re a team of doctors, engineers, designers, researchers, and creatives building tools that help clinicians stay focused on what matters most: their…",0.0
5637233585,Android Engineer,SafetyCulture,"The Rocks, Sydney",,,2026-02-20,IT Jobs,"This is a Android Engineer role with SafetyCulture based in Sydney, NSW, AU  SafetyCulture  Role Seniority - mid level More about the Android Engineer role at SafetyCulture Why join us? We’re a global tech company, just not the kind you’re picturing. Sure, we’ve got catered lunches, team events, cool merch, and yes dogs in the office. But that’s not why people join. Our team of nearly a thousand people wakes up every day to make our product and our customers’ lives better. At SafetyCulture, you…",0.0
5637671321,AEM Engineer,HCF Australia,"New South Wales, Australia",,,2026-02-20,IT Jobs,"This is a AEM Engineer role with HCF Australia based in NSW, AU  HCF Australia  Role Seniority - mid level, senior More about the AEM Engineer role at HCF Australia The AEM Engineer is responsible for developing and maintaining high-quality, scalable digital solutions within HCF’s Adobe Experience Manager (AEM) platform. This full-stack role combines strong programming skills with analytical problem-solving to deliver seamless customer experiences. Key Responsibilities Own technical analysis fo…",0.0
5637442456,Solutions Engineer,Databricks,"The Rocks, Sydney",,,2026-02-20,IT Jobs,"This is a Solutions Engineer role with Databricks based in Sydney, NSW, AU  Databricks  Role Seniority - junior, mid level More about the Solutions Engineer role at Databricks FEQ227R13 At Databricks, our core principles are at the heart of everything we do; creating a culture of proactiveness and a customer-centric mindset guides us to create a unified platform that makes data science and analytics accessible to everyone. We aim to inspire our customers to make informed decisions that push the…",0.0
5639233729,Software Engineer,Societe Generale,"New South Wales, Australia",,,2026-02-21,IT Jobs,"This is a Software Engineer role with Societe Generale based in NSW, AU  Societe Generale  Role Seniority - junior, mid level More about the Software Engineer role at Societe Generale Vos missions au quotidien Job Description : Hands on experience in various open-source technologies, coding systems, platforms and software’s. Solid experience in problem solving, debugging, troubleshooting and experience is fixing issues/bugs of the proposed open source and tracking and reporting issues. Gatherin…",0.0
5616969480,CAD and Engineering Expert,Mercor,"The Rocks, Sydney",,,2026-02-06,IT Jobs,"This is a CAD and Engineering Expert role with Mercor based in Sydney, NSW, Australia  Mercor  Role Seniority - junior, mid level, graduate More about the CAD and Engineering Expert role at Mercor Location: Remote (must have access to a physical Mac) Fluent Language Skills Required: English Why This Role Exists Mercor is supporting a high-priority data collection initiative aimed at improving how AI systems understand complex software interfaces and real-world, multi-step workflows. Current dat…",0.0
5637278193,Director of Engineering,Freelancer.com,"The Rocks, Sydney",,,2026-02-20,Engineering Jobs,"This is a Director of Engineering role with Freelancer.com based in Sydney, NSW, AU  Freelancer.com  Role Seniority - director More about the Director of Engineering role at Freelancer.com Shape the Future of How the World Works Imagine leading engineering teams that power platforms serving 80 million users globally. Picture yourself architecting systems that have transformed how business gets done, from the world's largest freelancing marketplace to a payment ecosystem securing over US$7 billi…",0.0
5637153354,Data Engineer,Richard Crookes Constructions,"The Rocks, Sydney",,,2026-02-20,IT Jobs,"This is a Data Engineer role with Richard Crookes Constructions based in Sydney, NSW, AU  Richard Crookes Constructions  Role Seniority - mid level More about the Data Engineer role at Richard Crookes Constructions Richard Crookes Constructions (RCC) is a proudly Australian, family-owned organisation delivering major projects across NSW, QLD and the ACT. As we invest in modernising our data capability, this is a rare opportunity for a Data Engineer to help build a greenfield data environment in…",0.0
5637249622,Security Engineer,Lendi Group,"The Rocks, Sydney",,,2026-02-20,IT Jobs,"This is a Security Engineer role with Lendi Group based in Sydney, NSW, AU  Lendi Group  Role Seniority - mid level, senior More about the Security Engineer role at Lendi Group Company Description Lendi Group is a market-leading digital platform business focused on transforming the home loan industry. It operates the country’s 1 retail mortgage broker – the iconic Aussie Home Loans franchise – and the Australia’s 1 digital mortgage brand, Lendi. Together, with its national network of 1,300 brok…",0.0
5637153395,Software Engineer,ResMed,"The Rocks, Sydney",,,2026-02-20,IT Jobs,"This is a Software Engineer role with ResMed based in Sydney, NSW, AU  ResMed  Role Seniority - mid level More about the Software Engineer role at ResMed About the role At Resmed, we are changing lives with every breath – improve patient quality of life, prevent chronic disease progression and reduce healthcare system costs. Our mission is to delight Resmed's developer community with an opinionated, yet empathetic developer experience that avoids surprise, is a joy to use, and abstracts the com…",0.0
5637703145,Automation Engineer,Amazon,"Mount Vernon, Penrith Area",,,2026-02-20,Engineering Jobs,"This is a Automation Engineer role with Amazon based in Kemps Creek, NSW, AU  Amazon  Role Seniority - mid level More about the Automation Engineer role at Amazon Would you like to work at the largest Fulfillment Center (FC) in the Southern Hemisphere and first Amazon Robotics Site in Australia? The focus of the Automation Engineer role is to fault find, troubleshoot and improve controls solutions for automated material handling equipment such as conveyors, sortation systems, scanners, cameras,…",0.0
5637243157,Software Engineer,ResMed,"The Rocks, Sydney",,,2026-02-20,IT Jobs,"This is a Software Engineer role with ResMed based in Sydney, NSW, AU  ResMed  Role Seniority - mid level More about the Software Engineer role at ResMed At Resmed, we are changing lives with every breath – improve patient quality of life, prevent chronic disease progression and reduce healthcare system costs. Our mission is to delight Resmed's developer community with an opinionated, yet empathetic developer experience that avoids surprise, is a joy to use, and abstracts the complexities of mo…",0.0
5639206862,Engineering Manager,Commonwealth Bank,"The Rocks, Sydney",,,2026-02-21,IT Jobs,"This is a Engineering Manager role with Commonwealth Bank based in Sydney, NSW, AU  Commonwealth Bank  Role Seniority - mid level, senior More about the Engineering Manager role at Commonwealth Bank About the Team: Join the Insurance and Retail Partnerships crew within the Wealth and Private domain, where you’ll focus on shaping the future of insurance. Our team owns the home insurance code and the entire application journey, from intuitive front-end experiences to seamless back-end integration…",0.0
5637150650,Network Engineer,Data#3,"New South Wales, Australia",,,2026-02-20,IT Jobs,"This is a Network Engineer role with Data3 based in NSW, AU  Data3  Role Seniority - mid level More about the Network Engineer role at Data3 Network Engineer – 3-Month Contract (Likely extension) Engaged via Data3 Our client, a well-established organisation with a complex corporate and manufacturing technology environment, is seeking an experienced Network Engineer to join their IT team on an initial 3-month contract. You’ll play a key role in supporting and maintaining their enterprise network…",0.0
5637272946,Platform Engineer,ResMed,"The Rocks, Sydney",,,2026-02-20,IT Jobs,"This is a Platform Engineer role with ResMed based in Sydney, NSW, AU  ResMed  Role Seniority - mid level More about the Platform Engineer role at ResMed Global Technology Solutions (GTS) at ResMed is a division dedicated to creating innovative, scalable, and secure platforms and services for patients, providers, and people across ResMed. The primary goal of GTS is to accelerate well-being and growth by transforming the core, enabling patient, people, and partner outcomes, and building future-r…",0.0
5637274692,DevSecOps Engineer,The Onset,"The Rocks, Sydney",,,2026-02-20,IT Jobs,"This is a DevSecOps Engineer role with The Onset based in Sydney, NSW, AU  The Onset  Role Seniority - senior More about the DevSecOps Engineer role at The Onset Job Description DevSecOps Engineer Sydney | Full-time | Hybrid When your platform grows from one container to a distributed system of moving parts that stretch across clouds, edge devices and on-prem environments, security stops being a feature. It becomes architecture. That’s where this team is now. The software already powers some of…",0.0
5637144239,Software Engineering,Microsoft,"The Rocks, Sydney",,,2026-02-20,IT Jobs,"This is a Software Engineering role with Microsoft based in Sydney, NSW, AU  Microsoft  Role Seniority - junior More about the Software Engineering role at Microsoft Overview Developers are working hard to build our new reality, and the Azure Experience & Ecosystems Engineering team is here to help. Microsoft Learn offers learning paths, content, and interactive experiences that help people develop the skills that in-demand jobs require. As such, we contribute directly to Microsoft's mission to…",0.0
5637281527,Senior Engineer,Karbon,"The Rocks, Sydney",,,2026-02-20,IT Jobs,"This is a Senior Engineer role with Karbon based in Sydney, NSW, AU  Karbon  Role Seniority - senior More about the Senior Engineer role at Karbon About Karbon Karbon is the global leader in AI-powered practice management software for accounting firms. We provide an award-winning cloud platform that helps tens of thousands of accounting professionals work more efficiently and collaboratively every day. With customers in 40 countries, we have grown into a globally distributed team across the US,…",0.0
5637195949,Blockchain Engineer,Immutable,"The Rocks, Sydney",,,2026-02-20,IT Jobs,"This is a Blockchain Engineer role with Immutable based in Sydney, NSW, AU  Immutable  Role Seniority - mid level More about the Blockchain Engineer role at Immutable About Us  Immutable is a global technology company, powering the leading platform for building games on Ethereum. We are on a mission to build the future of gaming by redefining how games are played and discovered. Founded in 2018, Immutable is one of the fastest Australian companies to hit unicorn status, having raised more than …",0.0
5643140503,Software Engineer,ResMed,"The Rocks, Sydney",,,2026-02-24,IT Jobs,"This is a Software Engineer role with ResMed based in Sydney, NSW, AU  ResMed  Role Seniority - mid level More about the Software Engineer role at ResMed Do you have a passion for building solutions that will spring ResMed’s Digital Healthcare products into the next decade? Are you keen to work for an organization that is focused on building a platform that is enabling and re-imagining the connected healthcare space? Do you have a wide variety of experience deploying services that are cloud nat…",0.0
5637278205,Databricks Engineer,Accenture,"The Rocks, Sydney",,,2026-02-20,Engineering Jobs,"This is a Databricks Engineer role with Accenture based in Barangaroo, NSW, AU  Accenture  Role Seniority - mid level More about the Databricks Engineer role at Accenture Description: We are seeking a skilled Databricks Data Engineer Consultant to join our high-impact client delivery teams. You’ll work on cutting-edge cloud and hybrid data projects, developing scalable pipelines and transforming raw data into meaningful insights. You’ll be hands-on from day one, collaborating closely with archi…",0.0
5640820551,Engineer - Insights,Culture Amp,"The Rocks, Sydney",,,2026-02-22,IT Jobs,"This is a Engineer - Insights role with Culture Amp based in Sydney, NSW, AU  Culture Amp  Role Seniority - mid level More about the Engineer - Insights role at Culture Amp Join us on our mission to make a better world of work. Culture Amp is the world’s leading employee experience platform, revolutionizing how 25 million employees across more than 6,500 companies create a better world of work. Culture Amp empowers companies of all sizes and industries to transform employee engagement, drive pe…",0.0
5637754474,Data Engineer,Bizcover,"The Rocks, Sydney",,,2026-02-20,IT Jobs,"This is a Data Engineer role with Bizcover based in Sydney, NSW, AU  Bizcover  Role Seniority - mid level More about the Data Engineer role at Bizcover Who are we? We are the leading online platform for comparing and buying business insurance. Not to toot our own horn, but we’re shaking things up in the SME business insurance market! We’re all about making it easy and efficient for small businesses to get the perfect coverage they need to stay protected. Say goodbye to headaches and hello to ha…",0.0
5637740136,Conversion Engineer,updoc,"The Rocks, Sydney",,,2026-02-20,IT Jobs,"This is a Conversion Engineer role with updoc based in Sydney, NSW, AU  updoc  Role Seniority - mid level More about the Conversion Engineer role at updoc Hey, I’m Cliffe, Founder here at Updoc.  I’ve been building tech and operations for over a decade, and let me tell you—there’s nothing quite like working on something that genuinely changes lives. Everyone has their own personal story or stories from friends and families about the overburdened Australian healthcare system. At Updoc, we’re sha…",0.0
5637219574,Fullstack Engineer,Karbon,"The Rocks, Sydney",,,2026-02-20,IT Jobs,"This is a Fullstack Engineer role with Karbon based in Sydney, NSW, AU  Karbon  Role Seniority - mid level More about the Fullstack Engineer role at Karbon About Karbon Karbon is the global leader in practice management software for growth-minded accounting firms. We provide an award-winning, highly collaborative cloud platform that streamlines work and communication, enabling the average accounting firm using Karbon to save 18.5 hours per week, per employee. We have customers in 34 countries a…",0.0
5639200958,Software Engineer,Societe Generale,"New South Wales, Australia",,,2026-02-21,IT Jobs,"This is a Software Engineer role with Societe Generale based in NSW, AU  Societe Generale  Role Seniority - junior, mid level More about the Software Engineer role at Societe Generale Vos missions au quotidien Job Description : Hands on experience in various open-source technologies, coding systems, platforms and software’s. Solid experience in problem solving, debugging, troubleshooting and experience is fixing issues/bugs of the proposed open source and tracking and reporting issues. Gatherin…",0.0
5639251120,Software Engineer,Societe Generale,"New South Wales, Australia",,,2026-02-21,IT Jobs,"This is a Software Engineer role with Societe Generale based in NSW, AU  Societe Generale  Role Seniority - junior, mid level More about the Software Engineer role at Societe Generale Vos missions au quotidien Job Description : Hands on experience in various open-source technologies, coding systems, platforms and software’s. Solid experience in problem solving, debugging, troubleshooting and experience is fixing issues/bugs of the proposed open source and tracking and reporting issues. Gatherin…",0.0
5639201578,Software Engineer,Societe Generale,"New South Wales, Australia",,,2026-02-21,IT Jobs,"This is a Software Engineer role with Societe Generale based in NSW, AU  Societe Generale  Role Seniority - junior, mid level More about the Software Engineer role at Societe Generale Vos missions au quotidien Job Description : Hands on experience in various open-source technologies, coding systems, platforms and software’s. Solid experience in problem solving, debugging, troubleshooting and experience is fixing issues/bugs of the proposed open source and tracking and reporting issues. Gatherin…",0.0
5639249960,Software Engineer,Societe Generale,"New South Wales, Australia",,,2026-02-21,IT Jobs,"This is a Software Engineer role with Societe Generale based in NSW, AU  Societe Generale  Role Seniority - junior, mid level More about the Software Engineer role at Societe Generale Vos missions au quotidien Job Description : Hands on experience in various open-source technologies, coding systems, platforms and software’s. Solid experience in problem solving, debugging, troubleshooting and experience is fixing issues/bugs of the proposed open source and tracking and reporting issues. Gatherin…",0.0
5637348026,Software Engineer 2 - Azure Ecosystems Engineering,Microsoft,"The Rocks, Sydney",,,2026-02-20,IT Jobs,"This is a Software Engineer 2 - Azure Ecosystems Engineering role with Microsoft based in Sydney, NSW, AU  Microsoft  Role Seniority - mid level More about the Software Engineer 2 - Azure Ecosystems Engineering role at Microsoft Overview Developers are working hard to build our new reality, and the Azure Experience & Ecosystems Engineering team is here to help. The team's product, Microsoft Learn, offers learning paths, content, and interactive experiences that help people develop the skills th…",0.0
5540481126,Product Design Engineer,LGA,"The Rocks, Sydney",,,2025-12-13,Engineering Jobs,"This is a Product Design Engineer role with LGA based in Sydney, NSW, AU  LGA  Role Seniority - mid level, senior More about the Product Design Engineer role at LGA PRODUCT DESIGN ENGINEER About us Legrand is the global specialist in electrical and digital building infrastructure with over 38,000 employees globally. Our comprehensive offering of solutions for residential, commercial and data centre markets makes it a benchmark for customers worldwide. Our purpose is to improve lives by transfor…",0.0
5608145103,Senior Data Engineer,Australian Payments Plus,"The Rocks, Sydney",,,2026-02-01,IT Jobs,"This is a Senior Data Engineer role with Australian Payments Plus based in Sydney, NSW, AU  Australian Payments Plus  Role Seniority - mid level, senior More about the Senior Data Engineer role at Australian Payments Plus The Game Changers: Australian Payments Plus (AP) is here to shape the future of payments for Australia. We aim to deliver more innovation to Australia’s payments ecosystem, for the collective benefit of Australian businesses, government and consumers. Our solutions include Aus…",0.0
5637740232,"Senior Software Engineer, Azure Ecosystems Engineering",Microsoft,"The Rocks, Sydney",,,2026-02-20,IT Jobs,"This is a Senior Software Engineer, Azure Ecosystems Engineering role with Microsoft based in Sydney, NSW, AU  Microsoft  Role Seniority - senior More about the Senior Software Engineer, Azure Ecosystems Engineering role at Microsoft Overview Developers are working hard to build our new reality, and the Azure Experience & Ecosystems Engineering team is here to help. Microsoft Learn offers learning paths, content, and interactive experiences that help people develop the skills that in-demand job…",0.0
5637214371,Software Engineer 2 - Azure Ecosystems Engineering,Microsoft,"The Rocks, Sydney",,,2026-02-20,IT Jobs,"This is a Software Engineer 2 - Azure Ecosystems Engineering role with Microsoft based in Sydney, NSW, AU  Microsoft  Role Seniority - mid level More about the Software Engineer 2 - Azure Ecosystems Engineering role at Microsoft Overview Developers are working hard to build our new reality, and the Azure Experience & Ecosystems Engineering team is here to help. The team's product, Microsoft Learn, offers learning paths, content, and interactive experiences that help people develop the skills th…",0.0
5637758879,AI Engineer - FDE (Forward Deployed Engineer),Databricks,"The Rocks, Sydney",,,2026-02-20,IT Jobs,"This is a AI Engineer - FDE (Forward Deployed Engineer) role with Databricks based in Sydney, NSW, AU  Databricks  Role Seniority - senior More about the AI Engineer - FDE (Forward Deployed Engineer) role at Databricks CSQ227R47 The AI Forward Deployed Engineering (AI FDE) team is a highly specialized customer-facing AI team at Databricks. We deliver professional services engagements to help our customers build and productionize first-of-its-kind AI applications. We work cross-functionally to s…",0.0
5637233489,Senior DevOps Engineer / Site Reliability Engineer,Freelancer.com,"The Rocks, Sydney",,,2026-02-20,IT Jobs,"This is a Senior DevOps Engineer / Site Reliability Engineer role with Freelancer.com based in Sydney, NSW, AU  Freelancer.com  Role Seniority - senior More about the Senior DevOps Engineer / Site Reliability Engineer role at Freelancer.com As a critical and trusted member of the Systems Engineering team, you'll be working side-by-side with software engineers to design and deliver mission critical services and systems. You'll be working with infrastructure and services at scale, utilizing wide …",0.0
5595173984,Senior QA Engineer,Heidi Health,"Mortlake, Canada Bay Area",,,2026-01-22,IT Jobs,"This is a Senior QA Engineer role with Heidi Health based in Concord, NSW, AU  Heidi Health  Role Seniority - senior More about the Senior QA Engineer role at Heidi Health Who Are Heidi? Heidi is building an AI Care Partner that supports clinicians every step of the way, from documentation to delivery of care. We exist to double healthcare’s capacity while keeping care deeply human. In just 18 months, Heidi has returned more than 18 million hours to clinicians and supported over 73 million pati…",0.0
5543861389,Associate Software Engineer,ResMed,"The Rocks, Sydney",,,2025-12-16,IT Jobs,"This is a Associate Software Engineer role with ResMed based in Sydney, NSW, AU  ResMed  Role Seniority - junior More about the Associate Software Engineer role at ResMed At Resmed, we are changing lives with every breath – improve patient quality of life, prevent chronic disease progression and reduce healthcare system costs. Our mission is to delight Resmed's developer community with an opinionated, yet empathetic developer experience that avoids surprise, is a joy to use, and abstracts the c…",0.0
5371313150,Principal Systems Engineer,Commonwealth Bank,"The Rocks, Sydney",,,2025-08-28,IT Jobs,"This is a Principal Systems Engineer role with Commonwealth Bank based in Sydney, NSW, AU  Commonwealth Bank  Role Seniority - senior More about the Principal Systems Engineer role at Commonwealth Bank Principal Systems Engineer – Workflow You are determined to stay ahead of the latest technologies We are one of the biggest workflow practices across Australia Together we can build state-of-the-art solutions for people Do work that matters The Workflow Crew is responsible for driving the archite…",0.0
5428611299,Senior Frontend Engineer,SafetyCulture,"The Rocks, Sydney",,,2025-10-03,IT Jobs,"This is a Senior Frontend Engineer role with SafetyCulture based in Sydney, NSW, AU  SafetyCulture  Role Seniority - senior More about the Senior Frontend Engineer role at SafetyCulture SafetyCulture is a global technology company that is helping to transform workplaces around the world. After witnessing the tragedy of workplace incidents as a private investigator, SafetyCulture Founder Luke Anear recruited a team to help him develop a mobile solution for frontline workers. What we have created…",0.0
5540521341,Technical Operations Engineer,Anduril Industries,"The Rocks, Sydney",,,2025-12-13,Engineering Jobs,"This is a Technical Operations Engineer role with Anduril Industries based in Sydney, NSW, AU  Anduril Industries  Role Seniority - mid level More about the Technical Operations Engineer role at Anduril Industries Anduril Industries is a defense technology company with a mission to transform U.S. and allied military capabilities with advanced technology. By bringing the expertise, technology, and business model of the 21st century’s most innovative companies to the defense industry, Anduril is …",0.0
5580168902,Principal Software Engineer,Microsoft,"The Rocks, Sydney",,,2026-01-12,IT Jobs,"This is a Principal Software Engineer role with Microsoft based in Sydney, NSW, AU  Microsoft  Role Seniority - senior More about the Principal Software Engineer role at Microsoft Overview Azure Front Door (AFD) is the global edge for Microsoft and many of our customers—accelerating and protecting internet-scale apps with ultra-low latency, high availability, and robust security. The Dataplane team builds and operates high-performance edge services behind traffic termination, TLS/QUIC, HTTP/2–3…",0.0
5637159870,Primary Design Engineer,UGL,"The Rocks, Sydney",,,2026-02-20,Engineering Jobs,"This is a Primary Design Engineer role with UGL based in Sydney, NSW, AU  UGL  Role Seniority - senior More about the Primary Design Engineer role at UGL UGL’S Utilities team designs, constructs and maintains critical infrastructure across the power, water and renewable sectors. Ranging from HV Substations and Transmission Lines upto 500kV to power stations and wastewater treatment plants. We design and construct the following assets; substations, transmission lines, power generation, electrica…",0.0
5535503521,Associate Network Engineer,Datacom,"The Rocks, Sydney",,,2025-12-10,IT Jobs,"This is a Associate Network Engineer role with Datacom based in Sydney, NSW, AU  Datacom  Role Seniority - junior More about the Associate Network Engineer role at Datacom Description Our Why Datacom works with organisations and communities across Australia and New Zealand to make a difference in people’s lives and help them to use the power of tech to innovate and grow. About The Role (Your Why) You will be joining our growing Networks Managed Services team, working with a dedicated team to de…",0.0
5580148135,Senior Database Engineer,The Trade Desk,"The Rocks, Sydney",,,2026-01-12,IT Jobs,"This is a Senior Database Engineer role with The Trade Desk based in Sydney, NSW, AU  The Trade Desk  Role Seniority - senior More about the Senior Database Engineer role at The Trade Desk WHO WE ARE: The Trade Desk is a global technology company with a mission to create a better Internet for everyone through principled, intelligent advertising. We handle over 1 trillion queries per day (more than 100X the query volume of search globally), our platform operates at unprecedented scale. We have a…",0.0
5581750539,Technical Support Engineer,NICE,"The Rocks, Sydney",,,2026-01-13,IT Jobs,"This is a Technical Support Engineer role with NICE based in Sydney, NSW, AU  NICE  Role Seniority - mid level More about the Technical Support Engineer role at NICE At NiCE, we don’t limit our challenges. We challenge our limits. Always. We’re ambitious. We’re game changers. And we play to win. We set the highest standards and execute beyond them. And if you’re like us, we can offer you the ultimate career opportunity that will light a fire within you. So, what’s the role all about? We are loo…",0.0
5535470963,Cyber Security Engineer,ASX,"The Rocks, Sydney",,,2025-12-10,IT Jobs,"This is a Cyber Security Engineer role with ASX based in Sydney, NSW, AU  ASX  Role Seniority - mid level More about the Cyber Security Engineer role at ASX ASX: Powering Australia's financial markets Why join the ASX? When you join ASX, you’re joining a company with a strong purpose – to power a stronger economic future by enabling a fair and dynamic marketplace for all. In your new role, you’ll be part of a leading global securities exchange with a strong brand. We are known for being a trust…",0.0
5595131555,Associate Software Engineer,ResMed,"The Rocks, Sydney",,,2026-01-22,IT Jobs,"This is a Associate Software Engineer role with ResMed based in Sydney, NSW, AU  ResMed  Role Seniority - junior More about the Associate Software Engineer role at ResMed At Resmed, we are changing lives with every breath – improve patient quality of life, prevent chronic disease progression and reduce healthcare system costs. Our mission is to delight Resmed's developer community with an opinionated, yet empathetic developer experience that avoids surprise, is a joy to use, and abstracts the c…",0.0
5373030937,Automation Test Engineer,ASX,"The Rocks, Sydney",,,2025-08-29,IT Jobs,"This is a Automation Test Engineer role with ASX based in Sydney, NSW, AU  ASX  Role Seniority - mid level More about the Automation Test Engineer role at ASX ASX: Powering Australia's financial markets Why join the ASX? When you join ASX, you’re joining a company with a strong purpose – to power a stronger economic future by enabling a fair and dynamic marketplace for all. In your new role, you’ll be part of a leading global securities exchange with a strong brand. We are known for being a tru…",0.0
5540487588,Data Engineer,XPT Software,"The Rocks, Sydney",,,2025-12-13,IT Jobs,"This is a Data Engineer role with XPT Software based in Sydney, NSW, AU  XPT Software  Role Seniority - mid level More about the Data Engineer role at XPT Software Core skill: SQL, Python & Alteryx Power BI & Tableau tools Excel Background to Credit risk / Collections / Hardship business domain Others: Strong analytical skill and have experience in delivering complex data projects with a strong focus on data quality, lineage, and reconciliation between legacy and new systems Ability to facilita…",0.0
5625916489,"Graduate Mechanical Engineer / Mechanical Engineer, Product Development",ResMed,"The Rocks, Sydney",,,2026-02-12,Graduate Jobs,"This is a Graduate Mechanical Engineer / Mechanical Engineer, Product Development role with ResMed based in Sydney, NSW, AU  ResMed  Role Seniority - graduate, junior More about the Graduate Mechanical Engineer / Mechanical Engineer, Product Development role at ResMed Let’s talk about Responsibilities You collaborate with peers to support the project team to efficiently define solutions that deliver the greatest value for ResMed and meet our user’s needs. You communicate proactively with peers …",0.0
5639215790,Automation and Controls Engineer,Rheem Australia,"The Rocks, Sydney",,,2026-02-21,Engineering Jobs,"This is a Automation and Controls Engineer role with Rheem Australia based in Sydney, NSW, AU  Rheem Australia  Role Seniority - mid level More about the Automation and Controls Engineer role at Rheem Australia About Us As a leading global manufacturer of heating, cooling and water heating equipment, we’re innovating new ways to deliver a great customer experience while saving energy, water and supporting a more sustainable future. It's an exciting challenge that requires a team of talented, pa…",0.0
5637272991,Systems Engineering Manager,UGL,"The Rocks, Sydney",,,2026-02-20,Engineering Jobs,"This is a Systems Engineering Manager role with UGL based in Sydney, NSW, AU  UGL  Role Seniority - mid level More about the Systems Engineering Manager role at UGL UGL Big projects. Big careers. UGL is a diversified services company delivering critical assets and essential services that sustain and enhance the environment in which we live. Our capabilities extend across a broad range of services and whole-of-life solutions for diverse industries, utilising world leading, sustainable and innova…",0.0
5639222259,Senior Systems Engineer,Suncorp Group,"The Rocks, Sydney",,,2026-02-21,IT Jobs,"This is a Senior Systems Engineer role with Suncorp Group based in Sydney, NSW, AU  Suncorp Group  Role Seniority - senior More about the Senior Systems Engineer role at Suncorp Group Drive innovation and influence secure, modern engineering practices across delivery teams 24-month max term contract opportunity with possibility of permanent Brisbane or Sydney – with flexible work options About The Role As a Senior Systems Engineer, you will support the design, build and operation of continuous …",0.0
5637249623,Secondary Design Engineer,WSP in Australia,"The Rocks, Sydney",,,2026-02-20,Engineering Jobs,"This is a Secondary Design Engineer role with WSP in Australia based in Sydney, NSW, AU  WSP in Australia  Role Seniority - mid level, senior More about the Secondary Design Engineer role at WSP in Australia What if your next career move could help power the world’s future? At WSP, you’ll work on projects that matter—projects that accelerate the energy transition and shape a sustainable tomorrow. You’ll tap into our global expertise, collaborate with some of the brightest minds in the industry,…",0.0
5639249917,Staff Software Engineer,Commonwealth Bank,"The Rocks, Sydney",,,2026-02-21,IT Jobs,"This is a Staff Software Engineer role with Commonwealth Bank based in Sydney, NSW, AU  Commonwealth Bank  Role Seniority - mid level, senior More about the Staff Software Engineer role at Commonwealth Bank You are passionate about improving the reliability and operation capability of mission-critical services. We are solving complex problems by creating solutions that will delight our customers. Together we work with some of the best minds in tech using best of breed technologies. Do work that…",0.0
5637712213,Engineering Operations Manager,Quantium,"The Rocks, Sydney",,,2026-02-20,Engineering Jobs,"This is a Engineering Operations Manager role with Quantium based in Sydney, NSW, AU  Quantium  Role Seniority - senior More about the Engineering Operations Manager role at Quantium Job Type: Permanent - Full Time Location: Sydney Job Category: Delivery Management Quantium is a global leader in data science and artificial intelligence, at the forefront of the AI revolution transforming business worldwide. Since 2002, we have grown into an international team of over 1,200 AI and data specialist…",0.0
5637277906,Senior DevOps Engineer,ASX,"The Rocks, Sydney",,,2026-02-20,IT Jobs,"This is a Senior DevOps Engineer role with ASX based in Sydney, NSW, AU  ASX  Role Seniority - senior More about the Senior DevOps Engineer role at ASX ASX: Powering Australia's financial markets Why join the ASX? When you join ASX, you’re joining a company with a strong purpose – to power a stronger economic future by enabling a fair and dynamic marketplace for all. In your new role, you’ll be part of a leading global securities exchange with a strong brand. We are known for being a trusted ma…",0.0
5637612362,Principal Software Engineer,Commonwealth Bank,"The Rocks, Sydney",,,2026-02-20,IT Jobs,"This is a Principal Software Engineer role with Commonwealth Bank based in Sydney, NSW, AU  Commonwealth Bank  Role Seniority - senior More about the Principal Software Engineer role at Commonwealth Bank Principal Engineer – Retail Digital You are passionate about building secure, resilient, and always-available digital platforms that power critical customer experiences. You thrive on solving complex problems, uplifting engineering standards, and influencing technical direction across large, mu…",0.0
5637217620,Senior Systems Engineer,Q-CTRL,"The Rocks, Sydney",,,2026-02-20,IT Jobs,"This is a Senior Systems Engineer role with Q-CTRL based in Sydney, NSW, AU  Q-CTRL  Role Seniority - senior More about the Senior Systems Engineer role at Q-CTRL About the team The Sensing Engineering team at Q-CTRL transforms quantum research into deployable technologies that address real-world problems. We design, build, and field-validate an array of quantum sensors that support our key products, including Ironestone Opal - our solution for GPS-denied navigation. You don’t need a background…",0.0
5637758765,Principal Software Engineer,Commonwealth Bank,"The Rocks, Sydney",,,2026-02-20,IT Jobs,"This is a Principal Software Engineer role with Commonwealth Bank based in Sydney, NSW, AU  Commonwealth Bank  Role Seniority - senior More about the Principal Software Engineer role at Commonwealth Bank Principal Software Engineer You are passionate about building intelligent, resilient, and always-available platforms that power customer conversations at scale. You thrive at the intersection of engineering excellence and AI innovation, shaping technical direction while staying close to complex…",0.0
5637664389,Data & Analytics Engineer,NobleOak,"The Rocks, Sydney",,,2026-02-20,IT Jobs,"This is a Data & Analytics Engineer role with NobleOak based in Sydney, NSW, AU  NobleOak  Role Seniority - mid level More about the Data & Analytics Engineer role at NobleOak Posted: 11/02/2026 Closing Date: 11/03/2026 Job Type: Permanent - Full Time Location: Sydney office Job Category: Shared Services We Are Seeking A proactive Data & Analytics Engineer to join our lean data team. In this mid-level role, you’ll maintain and enhance reporting in SQL and PowerBI, implement end-to-end ETL pipel…",0.0
5639206854,Principal Engineer - Wind,UGL,"The Rocks, Sydney",,,2026-02-21,Engineering Jobs,"This is a Principal Engineer - Wind role with UGL based in Sydney, NSW, AU  UGL  Role Seniority - mid level, senior More about the Principal Engineer - Wind role at UGL UGL’s Energy & Industrial business unit is experiencing rapid growth, and we need motivated and capable people to join our team. UGL’s in-house engineering and design capability, together with our strong project delivery and operations and maintenance expertise puts us in a strong position in the market. Our target project oppor…",0.0
5639215001,"Manager, Software Engineering",Australian Prudential Regulation Authority,"The Rocks, Sydney",,,2026-02-21,IT Jobs,"This is a Manager, Software Engineering role with Australian Prudential Regulation Authority based in Sydney, NSW, AU  Australian Prudential Regulation Authority  Role Seniority - senior More about the Manager, Software Engineering role at Australian Prudential Regulation Authority The role The Manager, Software Engineering leads a team of 10 software engineers responsible for the design, development, integration and continuous improvement of digital solutions across web applications, enterpris…",0.0
5637670325,Lead Process Engineer,Ausenco,"Newcastle Region, New South Wales",,,2026-02-20,Engineering Jobs,"This is a Lead Process Engineer role with Ausenco based in Newcastle, NSW, AU  Ausenco  Role Seniority - senior More about the Lead Process Engineer role at Ausenco Ausenco is a fast-growing company with big ideas. We redefine what’s possible in some of the world’s most complex projects and toughest environments. Delivering innovative, value-add consulting, project delivery, asset operations and maintenance solutions is what we do. From 21 offices in 9 countries, with projects in over 80 locati…",0.0
5639249969,Principal Engineer - Wind,UGL,"The Rocks, Sydney",,,2026-02-21,Engineering Jobs,"This is a Principal Engineer - Wind role with UGL based in Sydney, NSW, AU  UGL  Role Seniority - senior More about the Principal Engineer - Wind role at UGL UGL’s Energy & Industrial business unit is experiencing rapid growth, and we need motivated and capable people to join our team. UGL’s in-house engineering and design capability, together with our strong project delivery and operations and maintenance expertise puts us in a strong position in the market. Our target project opportunities in…",0.0
5637373403,Senior Systems Engineer,Anduril Industries,"The Rocks, Sydney",,,2026-02-20,Engineering Jobs,"This is a Senior Systems Engineer role with Anduril Industries based in Sydney, NSW, AU  Anduril Industries  Role Seniority - senior More about the Senior Systems Engineer role at Anduril Industries Anduril Industries is a defense technology company with a mission to transform U.S. and allied military capabilities with advanced technology. By bringing the expertise, technology, and business model of the 21st century’s most innovative companies to the defense industry, Anduril is changing how mi…",0.0
5639201563,Staff Software Engineer,Commonwealth Bank,"The Rocks, Sydney",,,2026-02-21,IT Jobs,"This is a Staff Software Engineer role with Commonwealth Bank based in Sydney, NSW, AU  Commonwealth Bank  Role Seniority - mid level, senior More about the Staff Software Engineer role at Commonwealth Bank You are collaborative and enjoy solving analytical problems to help our team to reach highest potential We are a team of big thinkers who are engineering the future of banking Together we will innovate the future of banking using world-leading technology and innovation, with state-of-the-art…",0.0
5637235968,Customer Experience Engineer,Microsoft,"The Rocks, Sydney",,,2026-02-20,IT Jobs,"This is a Customer Experience Engineer role with Microsoft based in Sydney, NSW, AU  Microsoft  Role Seniority - mid level, senior More about the Customer Experience Engineer role at Microsoft Overview Microsoft is a company where passionate innovators come to collaborate, envision what can be and take their careers to levels they cannot achieve anywhere else. This is a world of more possibilities, more innovation, more openness in a cloud-enabled world. The Business & Industry Copilots group i…",0.0
5637249770,Senior Software Engineer,Anduril Industries,"The Rocks, Sydney",,,2026-02-20,Engineering Jobs,"This is a Senior Software Engineer role with Anduril Industries based in Sydney, NSW, AU  Anduril Industries  Role Seniority - senior More about the Senior Software Engineer role at Anduril Industries Anduril Industries is a defense technology company with a mission to transform U.S. and allied military capabilities with advanced technology. By bringing the expertise, technology, and business model of the 21st century’s most innovative companies to the defense industry, Anduril is changing how …",0.0
5637712235,Staff Data Engineer,Optus,"The Rocks, Sydney",,,2026-02-20,IT Jobs,"This is a Staff Data Engineer role with Optus based in Sydney, NSW, AU  Optus  Role Seniority - mid level, senior More about the Staff Data Engineer role at Optus Optus is an Australian telecommunications company, delivering more than 11 million services to our customers every day across mobile, broadband and digital solutions. We’re looking for a Staff Data Engineer to join our Data Engineering Centre of Excellence (CoE). This is a senior technical role that blends hands-on engineering with st…",0.0
5637371149,Senior Golang Engineer,Checkbox,"The Rocks, Sydney",,,2026-02-20,IT Jobs,"This is a Senior Golang Engineer role with Checkbox based in Sydney, NSW, AU  Checkbox  Role Seniority - senior More about the Senior Golang Engineer role at Checkbox The Company Checkbox is a 14x award-winning technology start-up with a mission to empower anyone to build software. This is important to us because with our rapidly digitising world, we believe the power of digital creation needs to be accessible to everyone, not just IT teams. Seeing non-technical users surprisingly delighted whe…",0.0
5637740117,"Automation Engineer, RME",Amazon,"The Rocks, Sydney",,,2026-02-20,Engineering Jobs,"This is a Automation Engineer, RME role with Amazon based in Sydney, NSW, AU  Amazon  Role Seniority - mid level More about the Automation Engineer, RME role at Amazon We're looking for an Automation Engineer to join our RME (Reliability Maintenance and Engineering) Team at our brand new site in Horsley Park. As an Automation Engineer, you will serve as the technical expert who ensures our automated systems operate at peak efficiency. You'll solve complex technical challenges and maintain high-…",0.0
5637657030,Senior Frontend Engineer,Checkbox,"The Rocks, Sydney",,,2026-02-20,IT Jobs,"This is a Senior Frontend Engineer role with Checkbox based in Sydney, NSW, AU  Checkbox  Role Seniority - senior More about the Senior Frontend Engineer role at Checkbox The Company Checkbox is a 14x award-winning technology start-up with a mission to empower anyone to build software. This is important to us because with our rapidly digitising world, we believe the power of digital creation needs to be accessible to everyone, not just IT teams. Seeing non-technical users surprisingly delighted…",0.0
5637670234,Data Engineer / Databricks,Ingrity,"The Rocks, Sydney",,,2026-02-20,IT Jobs,"This is a Data Engineer / Databricks role with Ingrity based in Sydney, NSW, AU  Ingrity  Role Seniority - mid level More about the Data Engineer / Databricks role at Ingrity Data Engineer Location: Sydney Employment Type: Contract About Us: The Company INGRITY is a Microsoft data and AI solution partner, working closely with Microsoft to create value for our customers. We collaborate with some of the best ASX-listed companies and many medium-sized businesses, delivering transformative data and…",0.0
5639215924,Asset Engineer - Sydney,Jemena,"The Rocks, Sydney",,,2026-02-21,Engineering Jobs,"This is a Asset Engineer - Sydney role with Jemena based in Sydney, NSW, AU  Jemena  Role Seniority - mid level More about the Asset Engineer - Sydney role at Jemena Asset Engineer About Us Jemena is an Australian energy company who own and operate more than $12.4 Billion worth of gas and electricity transportation assets across Australia supplying millions of households and businesses with these essential services every day. We pride ourselves on our innovative approach, technical expertise, a…",0.0
5637371999,Senior Fullstack Engineer,Karbon,"The Rocks, Sydney",,,2026-02-20,IT Jobs,"This is a Senior Fullstack Engineer role with Karbon based in Sydney, NSW, AU  Karbon  Role Seniority - senior More about the Senior Fullstack Engineer role at Karbon About Karbon Karbon is the global leader in AI-powered practice management software for accounting firms. We provide an award-winning cloud platform that helps tens of thousands of accounting professionals work more efficiently and collaboratively every day. With customers in 40 countries, we have grown into a globally distributed…",0.0
5639213503,Site Reliability Engineer,ASX,"The Rocks, Sydney",,,2026-02-21,IT Jobs,"This is a Site Reliability Engineer role with ASX based in Sydney, NSW, AU  ASX  Role Seniority - mid level, senior More about the Site Reliability Engineer role at ASX ASX: Powering Australia's financial markets Why join the ASX? When you join ASX, you’re joining a company with a strong purpose – to power a stronger economic future by enabling a fair and dynamic marketplace for all. In your new role, you’ll be part of a leading global securities exchange with a strong brand. We are known for b…",0.0
5637277767,Assets Configuration Engineer,UGL,"New South Wales, Australia",,,2026-02-20,Engineering Jobs,"This is a Assets Configuration Engineer role with UGL based in NSW, AU  UGL  Role Seniority - mid level More about the Assets Configuration Engineer role at UGL Company Overview UGL is a diversified services company delivering critical assets and essential services that sustain and enhance our living environment. We provide a broad range of services and whole-of-life solutions for various industries, utilizing sustainable and innovative technologies. UGL Regional Linx (UGLRL) is a subsidiary of…",0.0
5637247933,Software Engineer - Frontend,SafetyCulture,"The Rocks, Sydney",,,2026-02-20,IT Jobs,"This is a Software Engineer - Frontend role with SafetyCulture based in Sydney, NSW, AU  SafetyCulture  Role Seniority - mid level More about the Software Engineer - Frontend role at SafetyCulture SafetyCulture is a global technology company that is helping to transform workplaces around the world. After witnessing the tragedy of workplace incidents as a private investigator, SafetyCulture Founder Luke Anear recruited a team to help him develop a mobile solution for frontline workers. What we h…",0.0
5637347998,Senior Network Engineer,Data#3,"New South Wales, Australia",,,2026-02-20,IT Jobs,"This is a Senior Network Engineer role with Data3 based in NSW, AU  Data3  Role Seniority - senior More about the Senior Network Engineer role at Data3 Senior Network Engineer Data3 is partnering with a major client in the manufacturing industry to recruit a highly skilled Senior Network Engineer to lead their Network Services function. This is a key role responsible for driving the performance, reliability, and evolution of enterprise network and unified communications systems across corporate…",0.0
5637373399,Application Support Engineer,Plenti,"The Rocks, Sydney",,,2026-02-20,IT Jobs,"This is a Application Support Engineer role with Plenti based in Sydney, NSW, AU  Plenti  Role Seniority - mid level More about the Application Support Engineer role at Plenti Who is Plenti? Plenti is a fintech lender, providing faster, fairer loans by leveraging its smart technology. Plenti is a dynamic and innovative business that is growing strongly. By continuing to deliver better customer experiences, Plenti is taking market share from incumbent players in the personal lending, renewable e…",0.0
5637249638,WFM Solution Engineer,NICE,"The Rocks, Sydney",,,2026-02-20,IT Jobs,"This is a WFM Solution Engineer role with NICE based in Sydney, NSW, AU  NICE  Role Seniority - mid level, senior More about the WFM Solution Engineer role at NICE At NiCE, we don’t limit our challenges. We challenge our limits. Always. We’re ambitious. We’re game changers. And we play to win. We set the highest standards and execute beyond them. And if you’re like us, we can offer you the ultimate career opportunity that will light a fire within you. So, what’s the role all about? As a WFM Sol…",0.0
5637144348,Senior Data Engineer,Slyp,"The Rocks, Sydney",,,2026-02-20,IT Jobs,"This is a Senior Data Engineer role with Slyp based in Sydney, NSW, AU  Slyp  Role Seniority - senior More about the Senior Data Engineer role at Slyp Company Description Slyp is Australia's only independent startup backed by all four major banks. Our mission is to bring brands and their customers closer together through our award-winning transaction enrichment platform. By connecting SKU-level receipt data to the identity of the buyer, we empower retailers with unique data-driven engagement op…",0.0
5637273020,Software Engineer II,Microsoft,"The Rocks, Sydney",,,2026-02-20,IT Jobs,"This is a Software Engineer II role with Microsoft based in Sydney, NSW, AU  Microsoft  Role Seniority - mid level More about the Software Engineer II role at Microsoft Overview The Azure Core Storage team delivers the Storage Virtualization platform for Azure Virtual Machines, handling trillions of input/output operations every day across hundreds of datacenters and thousands of clusters worldwide. We own the entire software stack on Azure hosts, which manages virtual machine input/output oper…",0.0
5637268923,Lead Support Engineer,Cuscal Limited,"The Rocks, Sydney",,,2026-02-20,IT Jobs,"This is a Lead Support Engineer role with Cuscal Limited based in Sydney, NSW, AU  Cuscal Limited  Role Seniority - mid level More about the Lead Support Engineer role at Cuscal Limited Company Description Forward with Cuscal At Cuscal, we’re not just shaping the future of payments - we’re pioneering it. From launching Australia’s first ATM to being the first certified NPP PayTo Payer and Initiator in 2022, we’ve spent over 59 years building solutions that millions of Australians rely on every …",0.0
5637277909,Staff Engineer - Frontend,Culture Amp,"The Rocks, Sydney",,,2026-02-20,IT Jobs,"This is a Staff Engineer - Frontend role with Culture Amp based in Sydney, NSW, AU  Culture Amp  Role Seniority - senior, director More about the Staff Engineer - Frontend role at Culture Amp Join us on our mission to make a better world of work. Culture Amp is the world’s leading employee experience platform, revolutionizing how 25 million employees across more than 6,500 companies create a better world of work. Culture Amp empowers companies of all sizes and industries to transform employee e…",0.0
5637742070,Senior Engineer | STAR,ARUP,"The Rocks, Sydney",,,2026-02-20,Engineering Jobs,"This is a Senior Engineer | STAR role with ARUP based in Sydney, NSW, AU  ARUP  Role Seniority - senior More about the Senior Engineer | STAR role at ARUP Joining Arup Arup’s purpose, shared values and collaborative approach has set us apart for over 75 years, guiding how we shape a better world. This role focuses on structural engineering for existing buildings, including advanced analysis, on-site condition assessments, and the design of repairs and strengthening works. You will work on typic…",0.0
5640854416,Senior Software Engineer,Microsoft,"The Rocks, Sydney",,,2026-02-22,IT Jobs,"This is a Senior Software Engineer role with Microsoft based in Sydney, NSW, AU  Microsoft  Role Seniority - senior More about the Senior Software Engineer role at Microsoft Overview Are you excited about the possibility of working on the largest Cloud Storage service in the world? Azure Storage team is chartered with building, managing and running the Persistent Cloud Storage for Microsoft Azure Cloud. Azure Storage consists of a Storage Platform which currently powers five different storage s…",0.0
5637277815,Senior Software Engineer,ResMed,"The Rocks, Sydney",,,2026-02-20,IT Jobs,"This is a Senior Software Engineer role with ResMed based in Sydney, NSW, AU  ResMed  Role Seniority - senior More about the Senior Software Engineer role at ResMed Global Technology Solutions (GTS) at ResMed is a division dedicated to creating innovative, scalable, and secure platforms and services for patients, providers, and people across ResMed. The primary goal of GTS is to accelerate well-being and growth by transforming the core, enabling patient, people, and partner outcomes, and buildi…",0.0
5637583915,Senior Software Engineer,ResMed,"The Rocks, Sydney",,,2026-02-20,IT Jobs,"This is a Senior Software Engineer role with ResMed based in Sydney, NSW, AU  ResMed  Role Seniority - senior More about the Senior Software Engineer role at ResMed At Resmed, we are changing lives with every breath – improve patient quality of life, prevent chronic disease progression and reduce healthcare system costs. Our mission is to delight Resmed's developer community with an opinionated, yet empathetic developer experience that avoids surprise, is a joy to use, and abstracts the complex…",0.0
5637233541,Junior AI Engineer,Lendi Group,"The Rocks, Sydney",,,2026-02-20,IT Jobs,"This is a Junior AI Engineer role with Lendi Group based in Sydney, NSW, AU  Lendi Group  Role Seniority - junior More about the Junior AI Engineer role at Lendi Group Company Description Lendi Group is a market-leading digital platform business focused on transforming the home loan industry. It operates the country’s 1 retail mortgage broker – the iconic Aussie Home Loans franchise – and the Australia’s 1 digital mortgage brand, Lendi. Together, with its national network of 1,300 brokers and 2…",0.0
5637583996,Software Engineer (DevOps),Heidi Health,"Mortlake, Canada Bay Area",,,2026-02-20,IT Jobs,"This is a Software Engineer (DevOps) role with Heidi Health based in Concord, NSW, AU  Heidi Health  Role Seniority - mid level More about the Software Engineer (DevOps) role at Heidi Health Who We Are Healthcare needs a better rhythm: one that keeps care continuous and deeply human. Heidi is building an AI Care Partner that works alongside clinicians to make that possible. We’re a team of doctors, engineers, designers, researchers, and creatives building tools that help clinicians stay focused…",0.0
5637761468,Field Operations Engineer,Anduril Industries,"The Rocks, Sydney",,,2026-02-20,Engineering Jobs,"This is a Field Operations Engineer role with Anduril Industries based in Sydney, NSW, AU  Anduril Industries  Role Seniority - mid level More about the Field Operations Engineer role at Anduril Industries Anduril Industries is a defense technology company with a mission to transform U.S. and allied military capabilities with advanced technology. By bringing the expertise, technology, and business model of the 21st century’s most innovative companies to the defense industry, Anduril is changing…",0.0
5640835232,Senior Engineer - Insights,Culture Amp,"The Rocks, Sydney",,,2026-02-22,Engineering Jobs,"This is a Senior Engineer - Insights role with Culture Amp based in Sydney, NSW, AU  Culture Amp  Role Seniority - senior More about the Senior Engineer - Insights role at Culture Amp Join us on our mission to make a better world of work. Culture Amp is the world’s leading employee experience platform, revolutionizing how 25 million employees across more than 6,500 companies create a better world of work. Culture Amp empowers companies of all sizes and industries to transform employee engagemen…",0.0
5637383948,Senior iOS Engineer,Trideca,"The Rocks, Sydney",,,2026-02-20,IT Jobs,"This is a Senior iOS Engineer role with Trideca based in Sydney, NSW, AU  Trideca  Role Seniority - mid level, senior More about the Senior iOS Engineer role at Trideca About Trideca Trideca is Australia's trusted strategy, AI, and digital transformation partner - helping some of the nation's largest enterprises (including NAB, Suncorp, Optus, Medibank, and AGL) drive meaningful business impact through technology. With offices in Melbourne and Sydney and projects spanning multiple industries, w…",0.0
5637144427,DBT Data Engineer,XPT Software,"The Rocks, Sydney",,,2026-02-20,IT Jobs,"This is a DBT Data Engineer role with XPT Software based in Sydney, NSW, AU  XPT Software  Role Seniority - junior, mid level More about the DBT Data Engineer role at XPT Software DBT (must have) AWS RDS - MYSQL database (strong SQL skill) Has datawarehousing experience (must have) Familiar with Apache DevLake and Grafana application (advantage) Familiar with CI/CD pipeline (Jenkins), phyton, code versioning Show more Show less Before we jump into the responsibilities of the role. No matter wha…",0.0
5637442394,"Solutions Engineer, Sydney",Notion,"The Rocks, Sydney",,,2026-02-20,IT Jobs,"This is a Solutions Engineer, Sydney role with Notion based in Sydney, NSW, AU  Notion  Role Seniority - mid level More about the Solutions Engineer, Sydney role at Notion About Us: Notion helps you build beautiful tools for your life's work. In today's world of endless apps and tabs, Notion provides one place for teams to get everything done, seamlessly connecting docs, notes, projects, calendar, and email—with AI built in to find answers and automate work. Millions of users, from individuals …",0.0
5639222235,Senior DevOps Engineer,NSW Health,"The Rocks, Sydney",,,2026-02-21,IT Jobs,"This is a Senior DevOps Engineer role with NSW Health based in Sydney, NSW, AU  NSW Health  Role Seniority - senior More about the Senior DevOps Engineer role at NSW Health Senior DevOps Engineer (Managed Compute) (Health Manager Level 4) Permanent Full Time Opportunity Hybrid flexibility for work-life balance | Chatswood, St Leonards, Charlestown Attractive salary, up to $175,917  12% Super  17.5% annual leave loading Accrue 12 extra days off per year  4 weeks annual leave Increase your take-h…",0.0
5637159773,Senior Solutions Engineer,Clio,"The Rocks, Sydney",,,2026-02-20,IT Jobs,"This is a Senior Solutions Engineer role with Clio based in Sydney, NSW, AU  Clio  Role Seniority - senior More about the Senior Solutions Engineer role at Clio Clio is the global leader in legal AI technology, empowering legal professionals and law firms of every size to work smarter, faster, and more securely. We are transforming the legal experience for all by bettering the lives of legal professionals while increasing access to justice . Summary: We’re looking for a Senior Solutions Enginee…",0.0
5637159728,Security Engineer (DevSecOps),Q-CTRL,"The Rocks, Sydney",,,2026-02-20,IT Jobs,"This is a Security Engineer (DevSecOps) role with Q-CTRL based in Sydney, NSW, AU  Q-CTRL  Role Seniority - graduate, junior More about the Security Engineer (DevSecOps) role at Q-CTRL About us Founded in 2017, Q-CTRL has grown to become the global leader in quantum. We’re using control to solve the hardest problems facing quantum technology, improving hardware performance and accelerating pathways to useful quantum computers and other technologies. As a product-led company, we bring together d…",0.0
5637657137,Senior Software Engineer,Leonardo.ai,"The Rocks, Sydney",,,2026-02-20,IT Jobs,"This is a Senior Software Engineer role with Leonardo.ai based in Sydney, NSW, AU  Leonardo.ai  Role Seniority - senior More about the Senior Software Engineer role at Leonardo.ai Join the revolution at Leonardo.Ai At Leonardo.Ai, we’re on a mission to unleash the world’s creativity through cutting-edge generative AI. We're an Australian startup building tools that reimagine how people design, create, and tell stories, and we’re just getting started. Over 30 million users worldwide use Leonardo…",0.0
5637716412,Software Engineer (QA),Cuscal Limited,"The Rocks, Sydney",,,2026-02-20,IT Jobs,"This is a Software Engineer (QA) role with Cuscal Limited based in Sydney, NSW, AU  Cuscal Limited  Role Seniority - junior, mid level More about the Software Engineer (QA) role at Cuscal Limited Company Description Forward with Cuscal At Cuscal, we’re not just shaping the future of payments - we’re pioneering it. From launching Australia’s first ATM to being the first certified NPP PayTo Payer and Initiator in 2022, we’ve spent over 59 years building solutions that millions of Australians rely…",0.0
5639200913,Senior Pega Engineer,ING,"The Rocks, Sydney",,,2026-02-21,IT Jobs,"This is a Senior Pega Engineer role with ING based in Sydney, NSW, AU  ING  Role Seniority - senior More about the Senior Pega Engineer role at ING At ING Australia, you will have the chance to build a career as unique as you are, with the global scale, support, inclusive culture, and technology to become the best version of you. ING Australia is seeking a Senior Pega Engineer to lead the design and implementation of scalable, secure, and efficient workflow solutions using Pega technology. This…",0.0
5637712378,Software Engineer II,Microsoft,"The Rocks, Sydney",,,2026-02-20,IT Jobs,"This is a Software Engineer II role with Microsoft based in Sydney, NSW, AU  Microsoft  Role Seniority - mid level More about the Software Engineer II role at Microsoft Overview The Azure Portal empowers millions of developers and IT professionals worldwide to deploy, manage, and monitor their cloud applications with ease. As part of the Azure Portal team, you will create cutting-edge solutions that make a direct impact on how businesses run their cloud infrastructure. Your work will shape the …",0.0
5637150654,Lead Data Engineer,Macquarie University,"North Ryde, Ryde Area",,,2026-02-20,IT Jobs,"This is a Lead Data Engineer role with Macquarie University based in North Ryde, NSW, AU  Macquarie University  Role Seniority - mid level More about the Lead Data Engineer role at Macquarie University PRIMARY DETAIL $142,838 to $150,860 (HEW Level 9) plus 17% employer’s superannuation contribution and annual leave loading Hybrid Working | Positive, team-oriented work environment Based at Macquarie University, Wallumattagal Campus, North Ryde Macquarie University is hiring for a Lead Data Engin…",0.0
5639215818,Front End Engineer,ASX,"The Rocks, Sydney",,,2026-02-21,IT Jobs,"This is a Front End Engineer role with ASX based in Sydney, NSW, AU  ASX  Role Seniority - graduate, junior More about the Front End Engineer role at ASX ASX: Powering Australia's financial markets Why join the ASX? When you join ASX, you’re joining a company with a strong purpose – to power a stronger economic future by enabling a fair and dynamic marketplace for all. In your new role, you’ll be part of a leading global securities exchange with a strong brand. We are known for being a trusted …",0.0
5637657122,AWS Data Engineer,Accenture,"The Rocks, Sydney",,,2026-02-20,IT Jobs,"This is a AWS Data Engineer role with Accenture based in Sydney, NSW, AU  Accenture  Role Seniority - mid level, senior More about the AWS Data Engineer role at Accenture Great humans needed. Combine the best of your ingenuity and Cloud technologies to build a better world and manage clients towards change. Join us and do extraordinary things. About Accenture We work with one shared purpose: to deliver on the promise of technology and human ingenuity. Every day, more than 791,000 of us help our…",0.0
5637583881,Identity Platform Engineer,Suncorp Group,"The Rocks, Sydney",,,2026-02-20,IT Jobs,"This is a Identity Platform Engineer role with Suncorp Group based in Sydney, NSW, AU  Suncorp Group  Role Seniority - mid level More about the Identity Platform Engineer role at Suncorp Group Work on cutting-edge IAM solutions that impact thousands of users Enjoy flexible work arrangements and a strong focus on work-life balance. Brisbane / Sydney / Melbourne About The Role Join our Customer Identity and Access Management team to design and deliver secure authentication solutions using Ping (F…",0.0
5637583947,Senior Network Engineer,Endeavour Group,"The Rocks, Sydney",,,2026-02-20,IT Jobs,"This is a Senior Network Engineer role with Endeavour Group based in Sydney, NSW, AU  Endeavour Group  Role Seniority - senior More about the Senior Network Engineer role at Endeavour Group About Us Let’s create a more sociable future together At Endeavour, we’re totally into what we do. With a portfolio that includes Dan Murphy’s, BWS, ALH Hotels, Pinnacle Drinks and more, we love to bring people together. Together we share our passion for our products and industry; it’s what inspires us to dr…",0.0
5637217601,Lead Systems Engineer,Q-CTRL,"The Rocks, Sydney",,,2026-02-20,IT Jobs,"This is a Lead Systems Engineer role with Q-CTRL based in Sydney, NSW, AU  Q-CTRL  Role Seniority - senior More about the Lead Systems Engineer role at Q-CTRL About the team The Sensing Engineering team at Q-CTRL transforms quantum research into deployable technologies that address real-world problems. We design, build, and field-validate an array of quantum sensors that support our key products, including Ironestone Opal - our solution for GPS-denied navigation. You don’t need a background in …",0.0
5637148330,Principal Software Engineer,Commonwealth Bank,"The Rocks, Sydney",,,2026-02-20,IT Jobs,"This is a Principal Software Engineer role with Commonwealth Bank based in Sydney, NSW, AU  Commonwealth Bank  Role Seniority - senior More about the Principal Software Engineer role at Commonwealth Bank Principal Software Engineer – Contact Centre Transformation Full Stack | Cloud | Enterprise Platforms Our Vision We are embarking on a major engineering transformation with a strong focus on Full Stack Engineering, cloud-native platforms, and DevSecOps excellence . Together, we’re building tomo…",0.0
5637185228,Lead Security Engineer,Q-CTRL,"The Rocks, Sydney",,,2026-02-20,IT Jobs,"This is a Lead Security Engineer role with Q-CTRL based in Sydney, NSW, AU  Q-CTRL  Role Seniority - senior More about the Lead Security Engineer role at Q-CTRL About the team At Q-CTRL, Quantum Computing Engineering is a global team of software engineers and infrastructure experts,combining deep technical expertise with a startup mindset to deliver real impact through software innovation. Our work is underpinned by robust standards, and by embracing the three virtues. Our team excels in areas …",0.0
5637758982,Senior Software Engineer,Freelancer.com,"The Rocks, Sydney",,,2026-02-20,IT Jobs,"This is a Senior Software Engineer role with Freelancer.com based in Sydney, NSW, AU  Freelancer.com  Role Seniority - senior More about the Senior Software Engineer role at Freelancer.com We are growing our engineering team and on the lookout for new senior software engineers to take our company to the next level. This won't be your typical cog-in-the-machine type of job. If you're a high achiever with talent, looking for something more than a boring job in corporate, want to work with the bes…",0.0
5637144489,Senior Data Engineer,Neara,"The Rocks, Sydney",,,2026-02-20,IT Jobs,"This is a Senior Data Engineer role with Neara based in Sydney, NSW, AU  Neara  Role Seniority - senior More about the Senior Data Engineer role at Neara Imagine preventing wildfires before they start, or ensuring power grids stay resilient during extreme weather. That’s the real-world impact we create every day at Neara. We build 3D physics-enabled digital twins of critical infrastructure networks that help utilities and infrastructure companies run scenarios, assess risks, and make smarter de…",0.0
5637159774,Engineering Team Lead,Plenti,"The Rocks, Sydney",,,2026-02-20,IT Jobs,"This is a Engineering Team Lead role with Plenti based in Sydney, NSW, AU  Plenti  Role Seniority - mid level More about the Engineering Team Lead role at Plenti Who is Plenti? Plenti is a fintech lender, providing faster, fairer loans by leveraging its smart technology. Plenti is a dynamic and innovative business that is growing strongly. By continuing to deliver better customer experiences, Plenti is taking market share from incumbent players in the personal lending, renewable energy, and aut…",0.0
5637758816,Senior DevOps Engineer,ubank,"The Rocks, Sydney",,,2026-02-20,IT Jobs,"This is a Senior DevOps Engineer role with ubank based in Sydney, NSW, AU  ubank  Role Seniority - senior More about the Senior DevOps Engineer role at ubank About Us At Ubank, we empower the digital generation to achieve financial success. Think of us as your daily money companion, offering a unified view of your finances with smart features and real-time insights. Save more, track spending, and achieve home ownership faster with Ubank. We’re looking for a highly experienced Senior DevOps Engi…",0.0
5637150636,Software Engineering Manager,Freelancer.com,"The Rocks, Sydney",,,2026-02-20,IT Jobs,"This is a Software Engineering Manager role with Freelancer.com based in Sydney, NSW, AU  Freelancer.com  Role Seniority - mid level More about the Software Engineering Manager role at Freelancer.com We are on the lookout for a software engineering manager to lead teams of engineers to take our company to the next level. This won't be your typical cog-in-the-machine type of job. If you're a high achiever with talent, looking for something more than a boring job in a corporate environment, want …",0.0
5637620671,"Manager, Software Engineering",ResMed,"The Rocks, Sydney",,,2026-02-20,IT Jobs,"This is a Manager, Software Engineering role with ResMed based in Sydney, NSW, AU  ResMed  Role Seniority - senior More about the Manager, Software Engineering role at ResMed Are you passionate about leading high-performing teams to build innovative software products that drive real value? Join our dynamic Product Development division as a Manager, Software Engineering and play a pivotal role in designing and delivering technology solutions that serve both our business and our customers. About …",0.0
5637150773,Senior Software Engineer,Plenti,"The Rocks, Sydney",,,2026-02-20,IT Jobs,"This is a Senior Software Engineer role with Plenti based in Sydney, NSW, AU  Plenti  Role Seniority - senior More about the Senior Software Engineer role at Plenti Who is Plenti? Plenti is a fintech lender, providing faster, fairer loans by leveraging its smart technology. Plenti is a dynamic and innovative business that is growing strongly. By continuing to deliver better customer experiences, Plenti is taking market share from incumbent players in the personal lending, renewable energy, and …",0.0
5643123686,Software Engineer 2,Microsoft,"The Rocks, Sydney",,,2026-02-24,IT Jobs,"This is a Software Engineer 2 role with Microsoft based in Sydney, NSW, AU  Microsoft  Role Seniority - mid level More about the Software Engineer 2 role at Microsoft Overview The Azure Core Trusted Platform team safeguards Microsoft’s foundational cloud infrastructure by ensuring that our engineering systems, services, and workflows meet the highest bars for security, privacy, and regulatory compliance. Microsoft runs on trust, and we build the platform‑level capabilities that make safe‑by‑def…",0.0
5637278825,Senior Electronics Engineer,Q-CTRL,"The Rocks, Sydney",,,2026-02-20,Engineering Jobs,"This is a Senior Electronics Engineer role with Q-CTRL based in Sydney, NSW, AU  Q-CTRL  Role Seniority - senior More about the Senior Electronics Engineer role at Q-CTRL About us Founded in 2017, Q-CTRL has grown to become the global leader in quantum. We’re using control to solve the hardest problems facing quantum technology, improving hardware performance and accelerating pathways to useful quantum computers and other technologies. As a product-led company, we bring together diverse teams s…",0.0
5637277806,Engineering And Maintenance Manager,Kraft Heinz,"Tatton, Wagga Wagga",,,2026-02-20,Engineering Jobs,"This is a Engineering And Maintenance Manager role with Kraft Heinz based in Wagga Wagga, NSW, AU  Kraft Heinz  Role Seniority - mid level More about the Engineering And Maintenance Manager role at Kraft Heinz Maintenance Manager Opportunity to grow your career in Engineering & Maintenance Collaborative and dynamic work environment Located in Wagga Wagga, New South Wales (Regional) Grow your Engineering & Maintenance career in a management role! Are you looking to grow your career in Engineerin…",0.0
5637185530,Staff Software Engineer,Anduril Industries,"The Rocks, Sydney",,,2026-02-20,Engineering Jobs,"This is a Staff Software Engineer role with Anduril Industries based in Sydney, NSW, AU  Anduril Industries  Role Seniority - senior More about the Staff Software Engineer role at Anduril Industries Anduril Industries is a defense technology company with a mission to transform U.S. and allied military capabilities with advanced technology. By bringing the expertise, technology, and business model of the 21st century’s most innovative companies to the defense industry, Anduril is changing how mi…",0.0
5640841549,Asset Engineering Manager,WaterNSW,"Newcastle Region, New South Wales",,,2026-02-22,Engineering Jobs,"This is a Asset Engineering Manager role with WaterNSW based in Newcastle, NSW, AU  WaterNSW  Role Seniority - mid level, senior More about the Asset Engineering Manager role at WaterNSW Ready to make a splash in your career? WaterNSW is seeking an experienced Asset Engineering Manager (Full-Time, Permanent) to join our Built Infrastructure team. This is an opportunity to work with an essential organisation creating a more sustainable future for the state. This role provides the opportunity to …",0.0
5640814146,Platform Engineering Manager,Reserve Bank of Australia,"The Rocks, Sydney",,,2026-02-22,IT Jobs,"This is a Platform Engineering Manager role with Reserve Bank of Australia based in Sydney, NSW, AU  Reserve Bank of Australia  Role Seniority - mid level, senior More about the Platform Engineering Manager role at Reserve Bank of Australia Permanent Opportunity Hybrid Work Environment Develop your career in Platform Engineering supporting national critical systems About the Role As the Platform Engineering Manager at the Reserve Bank of Australia (RBA), you will lead teams responsible for the …",0.0
5637146329,Senior Platform Engineer,Cuscal Limited,"The Rocks, Sydney",,,2026-02-20,IT Jobs,"This is a Senior Platform Engineer role with Cuscal Limited based in Sydney, NSW, AU  Cuscal Limited  Role Seniority - senior More about the Senior Platform Engineer role at Cuscal Limited Company Description Forward with Cuscal At Cuscal, we’re not just shaping the future of payments - we’re pioneering it. From launching Australia’s first ATM to being the first certified NPP PayTo Payer and Initiator in 2022, we’ve spent over 60 years building solutions that millions of Australians rely on eve…",0.0
5637235936,Senior Node Engineer,Checkbox,"The Rocks, Sydney",,,2026-02-20,IT Jobs,"This is a Senior Node Engineer role with Checkbox based in Sydney, NSW, AU  Checkbox  Role Seniority - senior More about the Senior Node Engineer role at Checkbox The Company Checkbox is a 14x award-winning technology start-up with a mission to empower anyone to build software. This is important to us because with our rapidly digitising world, we believe the power of digital creation needs to be accessible to everyone, not just IT teams. Seeing non-technical users surprisingly delighted when th…",0.0
5637277922,Senior Software Engineer,Anduril Industries,"The Rocks, Sydney",,,2026-02-20,Engineering Jobs,"This is a Senior Software Engineer role with Anduril Industries based in Sydney, NSW, AU  Anduril Industries  Role Seniority - senior More about the Senior Software Engineer role at Anduril Industries Anduril Industries is a defense technology company with a mission to transform U.S. and allied military capabilities with advanced technology. By bringing the expertise, technology, and business model of the 21st century’s most innovative companies to the defense industry, Anduril is changing how …",0.0
5637159778,Data Engineer - GCP,Ingrity,"The Rocks, Sydney",,,2026-02-20,IT Jobs,"This is a Data Engineer - GCP role with Ingrity based in Sydney, NSW, AU  Ingrity  Role Seniority - mid level More about the Data Engineer - GCP role at Ingrity Are you a talented GCP Data Engineer with a passion for data and a commitment to delivering value? Join our esteemed team at INGRITY, where your expertise as a GCP Data Engineer (mid level) will be crucial for serving our clients. At INGRITY Imagine the Impossible: It's not just an aspiration for our clients; we expect the same from our…",0.0
5643120442,Customer Experience Engineer,Microsoft,"The Rocks, Sydney",,,2026-02-24,Engineering Jobs,"This is a Customer Experience Engineer role with Microsoft based in Sydney, NSW, AU  Microsoft  Role Seniority - mid level, senior More about the Customer Experience Engineer role at Microsoft Overview Microsoft’s mission is to empower every person and every organization on the planet to achieve more. As employees we come together with a growth mindset, innovate to empower others, and collaborate to realize our shared goals. Each day we build on our values of respect, integrity, and accountabil…",0.0
5637219377,Software Engineering II,Microsoft,"The Rocks, Sydney",,,2026-02-20,IT Jobs,"This is a Software Engineering II role with Microsoft based in Sydney, NSW, AU  Microsoft  Role Seniority - mid level, senior More about the Software Engineering II role at Microsoft Overview Azure Resource Graph’s (ARG part of ARM/Azure Control plane) mission is to Reliably organize the planet-scale cloud inventory and making it accessible to every Azure customer through scalable, and performant tools. ARG is the Inventory of cloud resources, dependencies, services, apps & Azure metadata and i…",0.0
5637176905,Senior Staff Engineer,Plenti,"The Rocks, Sydney",,,2026-02-20,IT Jobs,"This is a Senior Staff Engineer role with Plenti based in Sydney, NSW, AU  Plenti  Role Seniority - senior More about the Senior Staff Engineer role at Plenti Who is Plenti? Plenti is a fintech lender, providing faster, fairer loans by leveraging its smart technology. Plenti is a dynamic and innovative business that is growing strongly. By continuing to deliver better customer experiences, Plenti is taking market share from incumbent players in the personal lending, renewable energy, and automo…",0.0
5637185201,Staff Software Engineer,Eucalyptus,"New South Wales, Australia",,,2026-02-20,IT Jobs,"This is a Staff Software Engineer role with Eucalyptus based in NSW, AU  Eucalyptus  Role Seniority - mid level More about the Staff Software Engineer role at Eucalyptus Location of position: Sydney, Australia Employment Type: Full Time About Euc We’re making good health last a lifetime More than 1 billion people globally live with obesity — a major leading indicator of many preventable chronic diseases such as diabetes and heart disease. Eucalyptus (or 'Euc' for short) is the company behind Ju…",0.0
5637219378,Senior Mechanical Engineer,SunDrive,"Kurnell, Sutherland Area",,,2026-02-20,Engineering Jobs,"This is a Senior Mechanical Engineer role with SunDrive based in Kurnell, NSW, AU  SunDrive  Role Seniority - senior More about the Senior Mechanical Engineer role at SunDrive About Us SunDrive is an Australian solar technology company turning world-leading science into real-world impact. Founded in a Sydney garage in 2015, when our co-founder Vince Allen paused his PhD to pursue a bold idea, we set out to make solar more powerful, affordable, and sustainable. Today, that same drive fuels a com…",0.0
5640841553,Principal Software Engineer,Schneider Electric,"North Ryde, Ryde Area",,,2026-02-22,IT Jobs,"This is a Principal Software Engineer role with Schneider Electric based in Macquarie Park, NSW, AU  Schneider Electric  Role Seniority - senior More about the Principal Software Engineer role at Schneider Electric Principal Software Engineer Location: Sydney, Australia (Hybrid) Company: Schneider Electric Job Type: Full-Time About the Role Schneider Electric is accelerating the future of energy through intelligent, software‑driven systems. As a global leader in energy management and automation…",0.0
5637214324,Senior Digital Engineer,Macquarie University,"North Ryde, Ryde Area",,,2026-02-20,Engineering Jobs,"This is a Senior Digital Engineer role with Macquarie University based in North Ryde, NSW, AU  Macquarie University  Role Seniority - senior More about the Senior Digital Engineer role at Macquarie University PRIMARY DETAIL • Competitive salary commensurate with skills and experience. • Full Time role, fixed term role to 31st of December 2026 • Work collaboratively within a high-performing team Macquarie University is seeking a talented and experienced Senior Digital Engineer to guide and suppo…",0.0
5637167235,Lead/Senior Engineer,ASX,"The Rocks, Sydney",,,2026-02-20,IT Jobs,"This is a Lead/Senior Engineer role with ASX based in Sydney, NSW, AU  ASX  Role Seniority - senior More about the Lead/Senior Engineer role at ASX ASX: Powering Australia's financial markets Why join the ASX? When you join ASX, you’re joining a company with a strong purpose – to power a stronger economic future by enabling a fair and dynamic marketplace for all. In your new role, you’ll be part of a leading global securities exchange with a strong brand. We are known for being a trusted market…",0.0
5640821182,Software Engineering II,Microsoft,"The Rocks, Sydney",,,2026-02-22,IT Jobs,"This is a Software Engineering II role with Microsoft based in Sydney, NSW, AU  Microsoft  Role Seniority - mid level More about the Software Engineering II role at Microsoft Overview Azure Resource Graph’s (ARG part of ARM(Azure Resouure Manager)/Azure Control plane) mission is to reliably organize the planet-scale cloud inventory and making it accessible to every Azure customer through scalable, and performant tools. ARG is the Inventory of cloud resources, dependencies, services, apps & Azur…",0.0
5637759005,Principal Software Engineer,Microsoft,"The Rocks, Sydney",,,2026-02-20,IT Jobs,"This is a Principal Software Engineer role with Microsoft based in Sydney, NSW, AU  Microsoft  Role Seniority - senior More about the Principal Software Engineer role at Microsoft Overview The Azure Networking team continues to innovate across the stack, pushing new scale and features into the cloud and desktop platforms while transforming our infrastructure to meet the growing needs of the Artificial Intelligence infrastructure and several hundred thousand customers using Azure Services to hos…",0.0
5637347831,Senior Software Engineer,The Trade Desk,"The Rocks, Sydney",,,2026-02-20,IT Jobs,"This is a Senior Software Engineer role with The Trade Desk based in Sydney, NSW, AU  The Trade Desk  Role Seniority - senior More about the Senior Software Engineer role at The Trade Desk Who we are: The Trade Desk is a global technology company with a mission to create a better, more open internet for everyone through principled, intelligent advertising. Handling over 1 trillion queries per day, our platform operates at an unprecedented scale. We have also built something even stronger and mo…",0.0
5637670167,Senior Software Engineer,Microsoft,"The Rocks, Sydney",,,2026-02-20,IT Jobs,"This is a Senior Software Engineer role with Microsoft based in Sydney, NSW, AU  Microsoft  Role Seniority - senior More about the Senior Software Engineer role at Microsoft Overview We are the Azure Software Load Balancer team, a vital part of the Azure Core Networking team, tasked with designing, building, and operating critical network offerings that set us apart from our competitors. We provide the software systems behind our cloud-scale load balancing solutions. At the heart of these servi…",0.0
5639202778,Senior Software Engineer,Suncorp Group,"The Rocks, Sydney",,,2026-02-21,IT Jobs,"This is a Senior Software Engineer role with Suncorp Group based in Sydney, NSW, AU  Suncorp Group  Role Seniority - senior More about the Senior Software Engineer role at Suncorp Group Build and evolve scalable digital platforms used at enterprise scale End-to-end ownership across modern front-end and Java-based services 12-month max term contract opportunity – Melbourne or Sydney About The Role As a Senior Software Engineer, you will contribute to the design, build and ongoing support of secu…",0.0
5640832459,Marketing GTM Engineer,UpGuard,"The Rocks, Sydney",,,2026-02-22,IT Jobs,"This is a Marketing GTM Engineer role with UpGuard based in Sydney, NSW, AU  UpGuard  Role Seniority - mid level More about the Marketing GTM Engineer role at UpGuard Who are we? UpGuard’s mission is to make life easier for security teams. We meticulously create robust solutions that enable our customers to identify, assess, and remediate cybersecurity risk across their attack surface, vendor ecosystem, workforce, and trust relationships. Our integrated cyber risk posture management platform co…",0.0
5643127477,"Engineering Manager, AI",Plenti,"The Rocks, Sydney",,,2026-02-24,IT Jobs,"This is a Engineering Manager, AI role with Plenti based in Sydney, NSW, AU  Plenti  Role Seniority - mid level, senior More about the Engineering Manager, AI role at Plenti Who is Plenti? Plenti is a fintech lender, providing faster, fairer loans by leveraging its smart technology. Plenti is a dynamic and innovative business that is growing strongly. By continuing to deliver better customer experiences, Plenti is taking market share from incumbent players in the personal lending, renewable ene…",0.0
5637214276,Lead Software Engineer,nib Group,"Newcastle Region, New South Wales",,,2026-02-20,IT Jobs,"This is a Lead Software Engineer role with nib Group based in Newcastle, NSW, AU  nib Group  Role Seniority - senior More about the Lead Software Engineer role at nib Group Let’s talk about this role We’re on a mission to improve health and wellbeing by providing innovative, accessible, and personalised experiences for our members. As part of this, we're growing our Data & AI capabilities and are on the lookout for a Lead Software Engineer who’s ready to push boundaries, influence outcomes, and…",0.0
5637150798,Senior Robotics Engineer,Anduril Industries,"Banksia, Rockdale Area",,,2026-02-20,Engineering Jobs,"This is a Senior Robotics Engineer role with Anduril Industries based in Rockdale, NSW, AU  Anduril Industries  Role Seniority - senior More about the Senior Robotics Engineer role at Anduril Industries Anduril Industries is a defense technology company with a mission to transform U.S. and allied military capabilities with advanced technology. By bringing the expertise, technology, and business model of the 21st century’s most innovative companies to the defense industry, Anduril is changing ho…",0.0
5637390745,Senior Data Engineer,ASX,"The Rocks, Sydney",,,2026-02-20,IT Jobs,"This is a Senior Data Engineer role with ASX based in Sydney, NSW, AU  ASX  Role Seniority - senior More about the Senior Data Engineer role at ASX ASX: Powering Australia's financial markets Why join the ASX? When you join ASX, you’re joining a company with a strong purpose – to power a stronger economic future by enabling a fair and dynamic marketplace for all. In your new role, you’ll be part of a leading global securities exchange with a strong brand. We are known for being a trusted market…",0.0
5640823815,Senior Support Engineer,Cuscal Limited,"The Rocks, Sydney",,,2026-02-22,IT Jobs,"This is a Senior Support Engineer role with Cuscal Limited based in Sydney, NSW, AU  Cuscal Limited  Role Seniority - senior More about the Senior Support Engineer role at Cuscal Limited Company Description Forward with Cuscal At Cuscal, we’re not just shaping the future of payments - we’re pioneering it. From launching Australia’s first ATM to being the first certified NPP PayTo Payer and Initiator in 2022, we’ve spent over 59 years building solutions that millions of Australians rely on every…",0.0
5637278226,AI Foundry Engineer,ServiceNow,"The Rocks, Sydney",,,2026-02-20,IT Jobs,"This is a AI Foundry Engineer role with ServiceNow based in Sydney, NSW, AU  ServiceNow  Role Seniority - mid level More about the AI Foundry Engineer role at ServiceNow Company Description It all started in sunny San Diego, California in 2004 when a visionary engineer, Fred Luddy, saw the potential to transform how we work. Fast forward to today — ServiceNow stands as a global market leader, bringing innovative AI-enhanced technology to over 8,100 customers, including 85% of the Fortune 500®. …",0.0
5637657045,"Manager, Field Engineering",Databricks,"The Rocks, Sydney",,,2026-02-20,IT Jobs,"This is a Manager, Field Engineering role with Databricks based in Sydney, NSW, AU  Databricks  Role Seniority - mid level More about the Manager, Field Engineering role at Databricks FEQ227R87 As a Manager, Field Engineering (Solutions Architects), you will build and lead a team of pre-sales Solutions Architects focusing on your assigned accounts. Your experience partnering with the sales organisation will help close revenue with the right approach whilst coaching new sales and pre-sales team …",0.0
5637758779,Sourcing Engineering Lead,Anduril Industries,"The Rocks, Sydney",,,2026-02-20,Engineering Jobs,"This is a Sourcing Engineering Lead role with Anduril Industries based in Sydney, NSW, AU  Anduril Industries  Role Seniority - mid level, senior More about the Sourcing Engineering Lead role at Anduril Industries Anduril Industries is a defense technology company with a mission to transform U.S. and allied military capabilities with advanced technology. By bringing the expertise, technology, and business model of the 21st century’s most innovative companies to the defense industry, Anduril is …",0.0
5637185327,Engineering Services Manager,JLL,"North Sydney, North Sydney Area",,,2026-02-20,Trade & Construction Jobs,"This is a Engineering Services Manager role with JLL based in North Sydney, NSW, AU  JLL  Role Seniority - mid level More about the Engineering Services Manager role at JLL JLL empowers you to shape a brighter way . Our people at JLL and JLL Technologies are shaping the future of real estate for a better world by combining world class services, advisory and technology for our clients. We are committed to hiring the best, most talented people and empowering them to thrive, grow meaningful career…",0.0
5637758782,Senior Android Engineer,Endeavour Group,"The Rocks, Sydney",,,2026-02-20,IT Jobs,"This is a Senior Android Engineer role with Endeavour Group based in Sydney, NSW, AU  Endeavour Group  Role Seniority - senior More about the Senior Android Engineer role at Endeavour Group About Us Let’s create a more sociable future together At Endeavour, we’re totally into what we do. With a portfolio that includes Dan Murphy’s, BWS, ALH Hotels, Pinnacle Drinks and more, we love to bring people together. Together we share our passion for our products and industry; it’s what inspires us to dr…",0.0
5640863769,Senior Software Engineer,Microsoft,"The Rocks, Sydney",,,2026-02-22,IT Jobs,"This is a Senior Software Engineer role with Microsoft based in Sydney, NSW, AU  Microsoft  Role Seniority - senior More about the Senior Software Engineer role at Microsoft Overview Are you excited about the possibility of working on the largest Cloud Storage service in the world? Azure Storage team is chartered with building, managing and running the Persistent Cloud Storage for Microsoft Azure Cloud. Azure Storage consists of a Storage Platform which currently powers five different storage s…",0.0
5637214439,Staff Robotics Engineer,Anduril Industries,"Banksia, Rockdale Area",,,2026-02-20,Engineering Jobs,"This is a Staff Robotics Engineer role with Anduril Industries based in Rockdale, NSW, AU  Anduril Industries  Role Seniority - senior More about the Staff Robotics Engineer role at Anduril Industries Anduril Industries is a defense technology company with a mission to transform U.S. and allied military capabilities with advanced technology. By bringing the expertise, technology, and business model of the 21st century’s most innovative companies to the defense industry, Anduril is changing how …",0.0
5637159814,Senior Software Engineer,ResMed,"The Rocks, Sydney",,,2026-02-20,IT Jobs,"This is a Senior Software Engineer role with ResMed based in Sydney, NSW, AU  ResMed  Role Seniority - senior More about the Senior Software Engineer role at ResMed At Resmed, we are changing lives with every breath – improve patient quality of life, prevent chronic disease progression and reduce healthcare system costs. Our mission is to delight Resmed's developer community with an opinionated, yet empathetic developer experience that avoids surprise, is a joy to use, and abstracts the complex…",0.0
5637656883,Senior Data Engineer,KINESSO Australia,"The Rocks, Sydney",,,2026-02-20,IT Jobs,"This is a Senior Data Engineer role with KINESSO Australia based in Sydney, NSW, AU  KINESSO Australia  Role Seniority - senior More about the Senior Data Engineer role at KINESSO Australia About KINESSO KINESSO is the global technology-driven performance marketing agency that sits at the very heart of IPG Mediabrands, providing actionable growth for both our agency partners and clients. We turn ‘action' into ‘outcome' for our clients, leveraging our unique capabilities in optimization, analyti…",0.0
5637267061,Undergraduate Asset Engineer,Ventia,"North Sydney, North Sydney Area",,,2026-02-20,IT Jobs,"This is a Undergraduate Asset Engineer role with Ventia based in North Sydney, NSW, AU  Ventia  Role Seniority - graduate More about the Undergraduate Asset Engineer role at Ventia Are you currently pursuing an engineering degree and identify as a First Nations student? Ventia is offering an exciting opportunity for an Undergraduate Asset Engineer to join our team supporting the Sydney Harbour Tunnel and the Western Harbour Tunnel contract, based at our North Sydney office. In this role, you’ll…",0.0
5637758980,Software Engineer II,Eucalyptus,"New South Wales, Australia",,,2026-02-20,IT Jobs,"This is a Software Engineer II role with Eucalyptus based in NSW, AU  Eucalyptus  Role Seniority - mid level More about the Software Engineer II role at Eucalyptus About Euc We’re making good health last a lifetime More than 1 billion people globally live with obesity — a major leading indicator of many preventable chronic diseases such as diabetes and heart disease. Eucalyptus (or 'Euc' for short) is the company behind Juniper , one of the world’s largest weight management programs combining G…",0.0
5637348168,Electrical Commissioning Engineer,Parklife Metro,"The Rocks, Sydney",,,2026-02-20,Engineering Jobs,"This is a Electrical Commissioning Engineer role with Parklife Metro based in Sydney, NSW, AU  Parklife Metro  Role Seniority - mid level, senior More about the Electrical Commissioning Engineer role at Parklife Metro Shape the Future of Western Sydney Parklife Metro Has Been Awarded The Sydney Metro SSTOM Package, a $5 Billion Public-Private Partnership (PPP) Project That Will Transform Western Sydney. This Major Infrastructure Package Includes Six brand-new metro stations from St Marys to the…",0.0
5640854435,Associate Systems Engineer,Amazon,"The Rocks, Sydney",,,2026-02-22,IT Jobs,"This is a Associate Systems Engineer role with Amazon based in Sydney, NSW, AU  Amazon  Role Seniority - junior, mid level More about the Associate Systems Engineer role at Amazon Our Region Services team redefines the way AWS designs, builds, and operates AWS regions to enable new AWS Cloud Infrastructure and Services offerings to customers across every industry and of every size, including start-ups, enterprises, and public sector organizations. Key job responsibilities Systems Engineers with…",0.0
5637214418,Senior Software Engineer,nib Group,"Newcastle Region, New South Wales",,,2026-02-20,IT Jobs,"This is a Senior Software Engineer role with nib Group based in Newcastle, NSW, AU  nib Group  Role Seniority - senior More about the Senior Software Engineer role at nib Group About this role As the Senior Software Engineer, you will play a key role in the analysis, design, development and support of applications to support a range of business needs. As a Senior Software Engineer, you’ll play a key role in designing, developing, and delivering advanced software solutions within our Agent Exper…",0.0
5637249749,AWS Data Engineer,Accenture,"The Rocks, Sydney",,,2026-02-20,Engineering Jobs,"This is a AWS Data Engineer role with Accenture based in Sydney, NSW, AU  Accenture  Role Seniority - mid level, senior More about the AWS Data Engineer role at Accenture Accenture is a global professional services company with leading capabilities in digital, cloud and security. Find out more about us at https://www.accenture.com/ Great humans needed. Combine the best of your ingenuity and Cloud technologies to build a better world and manage clients towards change. Join us and do extraordinar…",0.0
5637233598,Technical Field Engineer,Unisys,"The Rocks, Sydney",,,2026-02-20,IT Jobs,"This is a Technical Field Engineer role with Unisys based in Sydney, NSW, AU  Unisys  Role Seniority - mid level More about the Technical Field Engineer role at Unisys What success looks like in this role: The Field Engineer performs activities associated with installing, diagnosing, maintaining, and servicing computer-related products, including but not limited to desktop/laptop computers, printers, and peripherals. Proven experience in a Deskside support environment performing fault investiga…",0.0
5637249817,Data Operation Engineer,ASX,"The Rocks, Sydney",,,2026-02-20,IT Jobs,"This is a Data Operation Engineer role with ASX based in Sydney, NSW, AU  ASX  Role Seniority - mid level More about the Data Operation Engineer role at ASX ASX: Powering Australia's financial markets Why join the ASX? When you join ASX, you’re joining a company with a strong purpose – to power a stronger economic future by enabling a fair and dynamic marketplace for all. In your new role, you’ll be part of a leading global securities exchange with a strong brand. We are known for being a trust…",0.0
5637657090,Cloud Platform Engineer,nib Group,"Newcastle Region, New South Wales",,,2026-02-20,IT Jobs,"This is a Cloud Platform Engineer role with nib Group based in Newcastle, NSW, AU  nib Group  Role Seniority - mid level More about the Cloud Platform Engineer role at nib Group About the role At nib, we’re reimagining how technology powers better health experiences. We’re looking for a Cloud Engineer to help design, build, and optimise scalable, secure, and automated cloud solutions that enable innovation and accelerate delivery across our business. In this position, you will build and optimis…",0.0
5637233599,Fullstack Software Engineer,Okendo,"The Rocks, Sydney",,,2026-02-20,IT Jobs,"This is a Fullstack Software Engineer role with Okendo based in Sydney, NSW, AU  Okendo  Role Seniority - mid level More about the Fullstack Software Engineer role at Okendo About Okendo We believe happy customers make the best marketers. That’s why we built Okendo – the customer marketing platform that creates stronger connections between consumers and the brands they love. Using Okendo, Shopify brands can grow faster and more efficiently by cultivating brand advocacy and maximizing lifetime v…",0.0
5640863786,Systems Development Engineer,Amazon,"The Rocks, Sydney",,,2026-02-22,IT Jobs,"This is a Systems Development Engineer role with Amazon based in Sydney, NSW, AU  Amazon  Role Seniority - mid level, senior More about the Systems Development Engineer role at Amazon AWS Utility Computing (UC) provides product innovations — from foundational services such as Amazon’s Simple Storage Service (S3) and Amazon Elastic Compute Cloud (EC2), to consistently released new product innovations that continue to set AWS’s services and features apart in the industry. As a member of the UC or…",0.0
5637150849,Senior DevOps Engineer,PropertyMe,"The Rocks, Sydney",,,2026-02-20,IT Jobs,"This is a Senior DevOps Engineer role with PropertyMe based in Barangaroo, NSW, AU  PropertyMe  Role Seniority - senior More about the Senior DevOps Engineer role at PropertyMe Join the National Leader in Cloud-Based Property Management  Our Story: PropertyMe is Australia’s 1 property management platform with over 60% market share. PropertyMe is used by more than 35,000 real estate professionals to manage over 1.7 million properties. Your work will impact the day-to-day lives of millions of Rea…",0.0
5637153373,Mechanical Commissioning Engineer,Parklife Metro,"The Rocks, Sydney",,,2026-02-20,Engineering Jobs,"This is a Mechanical Commissioning Engineer role with Parklife Metro based in Sydney, NSW, AU  Parklife Metro  Role Seniority - mid level, senior More about the Mechanical Commissioning Engineer role at Parklife Metro Shape the Future of Western Sydney Parklife Metro Has Been Awarded The Sydney Metro SSTOM Package, a $5 Billion Public-Private Partnership (PPP) Project That Will Transform Western Sydney. This Major Infrastructure Package Includes Six brand-new metro stations from St Marys to the…",0.0
5639204511,Senior DevOps Engineer,Suncorp Group,"The Rocks, Sydney",,,2026-02-21,IT Jobs,"This is a Senior DevOps Engineer role with Suncorp Group based in Sydney, NSW, AU  Suncorp Group  Role Seniority - senior More about the Senior DevOps Engineer role at Suncorp Group Build and improve CI/CD and automation for mission critical Insurance platforms Work with modern cloud, containers, and DevOps tooling, with strong learning pathways Brisbane or Sydney About The Role As a Senior DevOps Engineer in Insurance Technology, you will design and improve tooling, infrastructure automation, …",0.0
5637742076,Platforms Engineer (AU),DroneShield,"The Rocks, Sydney",,,2026-02-20,IT Jobs,"This is a Platforms Engineer (AU) role with DroneShield based in Sydney, NSW, AU  DroneShield  Role Seniority - mid level More about the Platforms Engineer (AU) role at DroneShield Work with cutting edge AI technology, making the world a safer and more secure place. DroneShield (ASX:DRO) offers an opportunity to solve some of world’s most challenging technical problems in the rapidly growing counter-drone sector. Our customers operate in some of the most challenging and high-stakes environments…",0.0
5637144205,Senior ServiceNow Engineer,ASX,"The Rocks, Sydney",,,2026-02-20,IT Jobs,"This is a Senior ServiceNow Engineer role with ASX based in Sydney, NSW, AU  ASX  Role Seniority - senior More about the Senior ServiceNow Engineer role at ASX ASX: Powering Australia's financial markets Why join the ASX? When you join ASX, you’re joining a company with a strong purpose – to power a stronger economic future by enabling a fair and dynamic marketplace for all. In your new role, you’ll be part of a leading global securities exchange with a strong brand. We are known for being a tr…",0.0
5637347948,Senior Security Engineer,Anduril Industries,"The Rocks, Sydney",,,2026-02-20,IT Jobs,"This is a Senior Security Engineer role with Anduril Industries based in Sydney, NSW, AU  Anduril Industries  Role Seniority - senior More about the Senior Security Engineer role at Anduril Industries Anduril Industries is a defense technology company with a mission to transform U.S. and allied military capabilities with advanced technology. By bringing the expertise, technology, and business model of the 21st century’s most innovative companies to the defense industry, Anduril is changing how …",0.0
5640814163,Senior Mobile Engineer,Sonder,"The Rocks, Sydney",,,2026-02-22,IT Jobs,"This is a Senior Mobile Engineer role with Sonder based in Sydney, NSW, AU  Sonder  Role Seniority - senior More about the Senior Mobile Engineer role at Sonder At Sonder, we believe that every person deserves to feel safe, supported, and empowered to be at their best - wherever they are. That’s why we’re redefining workplace health, safety, and wellbeing through a seamless blend of technology and human expertise. Sonder’s mobile platform provides 24/7, real-time support from a dedicated team o…",0.0
5637334184,Release Train Engineer,QBE,"The Rocks, Sydney",,,2026-02-20,IT Jobs,"This is a Release Train Engineer role with QBE based in Sydney, NSW, AU  QBE  Role Seniority - senior More about the Release Train Engineer role at QBE Primary Details Time Type: Full time Worker Type: Employee Location: Sydney or Parramatta Type: Permanent, full time Hybrid role, Happy to talk flexible working The opportunity We have an exciting opportunity for an experienced Release Train Engineer to join the AUSPAC Technology team in Sydney. Reporting to the GM, Value Stream Delivery, you wi…",0.0
5637191384,Machine Learning Engineer,MYOB,"The Rocks, Sydney",,,2026-02-20,IT Jobs,"This is a Machine Learning Engineer role with MYOB based in Sydney, NSW, AU  MYOB  Role Seniority - mid level, senior More about the Machine Learning Engineer role at MYOB We’re a leading business management solution with a core purpose: helping more businesses in Australia and New Zealand start, survive and succeed. At MYOB, we believe what’s good for one business is good for all business—and for all of us. Whether you support them, work for them, or dream of building your own, when businesses…",0.0
5637278819,AI Presales Engineer,NICE,"The Rocks, Sydney",,,2026-02-20,IT Jobs,"This is a AI Presales Engineer role with NICE based in Sydney, NSW, AU  NICE  Role Seniority - mid level More about the AI Presales Engineer role at NICE At NiCE, we don’t limit our challenges. We challenge our limits. Always. We’re ambitious. We’re game changers. And we play to win. We set the highest standards and execute beyond them. And if you’re like us, we can offer you the ultimate career opportunity that will light a fire within you. So, what’s the role all about? As part of the Presale…",0.0
5637249674,AWS Cloud Engineer,Accenture,"The Rocks, Sydney",,,2026-02-20,IT Jobs,"This is a AWS Cloud Engineer role with Accenture based in Sydney, NSW, AU  Accenture  Role Seniority - mid level More about the AWS Cloud Engineer role at Accenture About Accenture We work with one shared purpose: to deliver on the promise of technology and human ingenuity. Every day, more than 791,000 of us help our stakeholders continuously reinvent. Together, we drive positive change and deliver value to our clients, partners, shareholders, communities, and each other. We believe that delive…",0.0
5637214323,Systems Reliability Engineer,Macquarie Technology Group,"The Rocks, Sydney",,,2026-02-20,IT Jobs,"This is a Systems Reliability Engineer role with Macquarie Technology Group based in Barangaroo, NSW, AU  Macquarie Technology Group  Role Seniority - mid level More about the Systems Reliability Engineer role at Macquarie Technology Group About us We’re proud to be Australia's 1 Technology Great Place to Work 2025 for the second year running! This is in addition to being Great Place to Work Certified 2024. We've also won the 2024 Gallup Exceptional Workplace Award globally! Macquarie Cloud Ser…",0.0
5637148325,AWS DevOps Engineer,Accenture,"The Rocks, Sydney",,,2026-02-20,IT Jobs,"This is a AWS DevOps Engineer role with Accenture based in Sydney, NSW, AU  Accenture  Role Seniority - mid level More about the AWS DevOps Engineer role at Accenture About Accenture We work with one shared purpose: to deliver on the promise of technology and human ingenuity. Every day, more than 791,000 of us help our stakeholders continuously reinvent. Together, we drive positive change and deliver value to our clients, partners, shareholders, communities, and each other. We believe that deli…",0.0
5637153433,Senior Electronics Engineer / Electronics Engineer (12 month contract),ResMed,"The Rocks, Sydney",,,2026-02-20,Engineering Jobs,"This is a Senior Electronics Engineer / Electronics Engineer (12 month contract) role with ResMed based in Sydney, NSW, AU  ResMed  Role Seniority - senior More about the Senior Electronics Engineer / Electronics Engineer (12 month contract) role at ResMed Our Product Lifecycle Engineering (PLE) team is responsible for sustaining and enhancing ResMed’s portfolio of life-support ventilator devices throughout their operational life. As the design authority for platforms such as Astral and Stellar…",0.0
5637664906,"Graduate Network Dev Engineer, DC Edge Fabric Engineering",Amazon,"The Rocks, Sydney",,,2026-02-20,Graduate Jobs,"This is a Graduate Network Dev Engineer, DC Edge Fabric Engineering role with Amazon based in Sydney, NSW, AU  Amazon  Role Seniority - graduate More about the Graduate Network Dev Engineer, DC Edge Fabric Engineering role at Amazon Do you want to be part of a team that deploys and automates one of the world’s largest and complex networks? As a Network Engineer working within AWS Infrastructure you will be responsible for deploying network infrastructure across all of our network fabrics that s…",0.0
5643140926,"Backend Software Engineer, Senior",Bopple,"Chippendale, Sydney",,,2026-02-24,Engineering Jobs,"This is a Backend Software Engineer, Senior role with Bopple based in Chippendale, NSW, AU  Bopple  Role Seniority - senior More about the Backend Software Engineer, Senior role at Bopple Backend Software Engineer, Senior Location: Chippendale, Sydney REST APIs • Java (JVM) • Hibernate • Spring • Docker • Amazon Web Services (AWS) • Google Cloud Platform (GCP) • Docker • OpenTelemetry (Otel) • mySQL • CI/CD There are no small roles here. Every line of code, every design, every decision impacts …",0.0
5637144123,"Data Center Regional Engineer - Mechanical, Colo Regional Engineering",Amazon,"The Rocks, Sydney",,,2026-02-20,Engineering Jobs,"This is a Data Center Regional Engineer - Mechanical, Colo Regional Engineering role with Amazon based in Sydney, NSW, AU  Amazon  Role Seniority - mid level, senior More about the Data Center Regional Engineer - Mechanical, Colo Regional Engineering role at Amazon AWS Infrastructure Services owns the design, planning, delivery, and operation of all AWS global infrastructure. In other words, we’re the people who keep the cloud running. We support all AWS data centers and all of the servers, sto…",0.0
5637277855,Senior Engineering Program Manager,Quantium,"The Rocks, Sydney",,,2026-02-20,Engineering Jobs,"This is a Senior Engineering Program Manager role with Quantium based in Sydney, NSW, AU  Quantium  Role Seniority - senior More about the Senior Engineering Program Manager role at Quantium Job Type: Permanent - Full Time Location: Sydney Job Category: Delivery Management Quantium is a global leader in data science and artificial intelligence, at the forefront of the AI revolution transforming business worldwide. Since 2002, we have grown into an international team of over 1,200 AI and data sp…",0.0
5548146419,Site Reliability Engineer - USDS,TikTok,"The Rocks, Sydney",,,2025-12-19,IT Jobs,"This is a Site Reliability Engineer - USDS role with TikTok based in Sydney, NSW, AU  TikTok  Role Seniority - mid level More about the Site Reliability Engineer - USDS role at TikTok Site Reliability Engineering(SRE) at TikTok combines software and systems engineering to build and run large-scale, massively distributed, and fault-tolerant systems. In our team, you’ll have the opportunity to manage the complex challenges of scale, while using expertise in coding, algorithms, complexity analysis…",0.0
5477817882,Engineer - Futures Trading Technology,ASX,"The Rocks, Sydney",,,2025-11-03,IT Jobs,"This is a Engineer - Futures Trading Technology role with ASX based in Sydney, NSW, AU  ASX  Role Seniority - mid level More about the Engineer - Futures Trading Technology role at ASX ASX: Powering Australia's financial markets Why join the ASX? When you join ASX, you’re joining a company with a strong purpose – to power a stronger economic future by enabling a fair and dynamic marketplace for all. In your new role, you’ll be part of a leading global securities exchange with a strong brand. We…",0.0
5637278235,Engineering Manager (infra) - Observability,Canva,"The Rocks, Sydney",,,2026-02-20,IT Jobs,"This is a Engineering Manager (infra) - Observability role with Canva based in Sydney, NSW, AU  Canva  Role Seniority - mid level, senior More about the Engineering Manager (infra) - Observability role at Canva Company Description Join the team redefining how the world experiences design Hey, g’day, mabuhay, kia ora, 你好, hallo, vítejte! Thanks for stopping by. We know job hunting can be time-consuming, so we’ll get straight to the point. Where and how you can work Our flagship campus is in Sydn…",0.0
5428631552,"Software Engineer, Quantum Sensing",Q-CTRL,"The Rocks, Sydney",,,2025-10-03,IT Jobs,"This is a Software Engineer, Quantum Sensing role with Q-CTRL based in Sydney, NSW, AU  Q-CTRL  Role Seniority - mid level, senior More about the Software Engineer, Quantum Sensing role at Q-CTRL About us Founded in 2017, Q-CTRL has grown to become the global leader in quantum. We’re using control to solve the hardest problems facing quantum technology, improving hardware performance and accelerating pathways to useful quantum computers and other technologies. As a product-led company, we bring…",0.0
5366378508,Lead Software Development Engineer,Allens,"The Rocks, Sydney",,,2025-08-24,IT Jobs,"This is a Lead Software Development Engineer role with Allens based in Sydney, NSW, AU  Allens  Role Seniority - senior More about the Lead Software Development Engineer role at Allens Your role At Allens, our business teams are also specialists in their field, using their unique knowledge and expertise to solve critical client and business challenges. You'll be a part of our IT team based in either Sydney, Melbourne or Brisbane. Your deep technical knowledge will be relied on as a leader withi…",0.0
5595133738,Software Technical Support Engineer,Schneider Electric,"North Ryde, Ryde Area",,,2026-01-22,IT Jobs,"This is a Software Technical Support Engineer role with Schneider Electric based in Macquarie Park, NSW, AU  Schneider Electric  Role Seniority - mid level More about the Software Technical Support Engineer role at Schneider Electric 2 positions available as a Software Technical Support Engineer for our Pacific Zone ANZ 2  years of experience in Application Support function is highly regarded Hybrid role (3 days in office) located at our SMART office, Macquarie Park, plus benefits About us: Sch…",0.0
5477802998,Senior Quality Control Engineer,EML Group,"The Rocks, Sydney",,,2025-11-03,IT Jobs,"This is a Senior Quality Control Engineer role with EML Group based in Sydney, NSW, AU  EML Group  Role Seniority - senior More about the Senior Quality Control Engineer role at EML Group EML is a leading Workers Compensation and Personal Injury Claims Management business. Our goal is to help people get their lives back through ongoing support during their return-to-work journey . We continue to experience ongoing growth and now have over 4,000 dedicated employees . We foster a learning culture…",0.0
5615240995,Construction Project Manager,MARBLOUS GROUP PTY LTD,"Padstow, Bankstown Area",77000.0,77000.0,2026-02-05,Property Jobs,"We specialise in installation of marble, granite and travertine products in NSW with more than 15 years experience in the building industry. We are currently seeking an experienced and well-rounded Construction Project Manager to join our team. This hands-on position is suitable for an energetic, positive and enthusiastic person looking for challenging and rewarding position in the building industry. You must possess a “can do attitude” and the ability to work in a team environment. Reporting t…",77000.0
5609955541,Senior Mechanical Design Engineer,ResMed,"The Rocks, Sydney",,,2026-02-02,Engineering Jobs,"This is a Senior Mechanical Design Engineer role with ResMed based in Sydney, NSW, AU  ResMed  Role Seniority - senior More about the Senior Mechanical Design Engineer role at ResMed The primary role of Engineering function within Product Development team is to create specifications and designs for new products or improvements and enhancements to existing products. The Senior Mechanical Design Engineer is responsible for leading and delivering high-quality mechanical design solutions for medica…",0.0
5543873022,"Senior Manager, Software Engineering",Anduril Industries,"The Rocks, Sydney",,,2025-12-16,Engineering Jobs,"This is a Senior Manager, Software Engineering role with Anduril Industries based in Sydney, NSW, AU  Anduril Industries  Role Seniority - senior More about the Senior Manager, Software Engineering role at Anduril Industries Anduril Industries is a defense technology company with a mission to transform U.S. and allied military capabilities with advanced technology. By bringing the expertise, technology, and business model of the 21st century’s most innovative companies to the defense industry, …",0.0
5587403934,"Software Engineer Intern, Australia",Cisco,"The Rocks, Sydney",,,2026-01-16,IT Jobs,"This is a Software Engineer Intern, Australia role with Cisco based in Sydney, NSW, AU  Cisco  Role Seniority - intern More about the Software Engineer Intern, Australia role at Cisco Please note this posting is to advertise potential job opportunities. This exact role may not be open today but could open in the near future. When you apply, a Cisco representative may contact you directly if a relevant position opens. Duration: 6 months Full time Location: Sydney Meet the Team The Build & Workfl…",0.0
5573152022,Senior Machine Learning Engineer,Anduril Industries,"The Rocks, Sydney",,,2026-01-08,Engineering Jobs,"This is a Senior Machine Learning Engineer role with Anduril Industries based in Sydney, NSW, AU  Anduril Industries  Role Seniority - senior More about the Senior Machine Learning Engineer role at Anduril Industries Anduril Industries is a defense technology company with a mission to transform U.S. and allied military capabilities with advanced technology. By bringing the expertise, technology, and business model of the 21st century’s most innovative companies to the defense industry, Anduril …",0.0
5595116548,Graduate Software Engineer,ResMed,"The Rocks, Sydney",,,2026-01-22,Graduate Jobs,"This is a Graduate Software Engineer role with ResMed based in Sydney, NSW, AU  ResMed  Role Seniority - graduate More about the Graduate Software Engineer role at ResMed We are looking for a Software Engineer who has an experience with Programming and AWS cloud services to be part of the Test Engineering team. As a Software Engineer with Programming and AWS knowledge, you will be an enthusiastic self-starter who can think outside the box and possess the mental agility to make an impact within …",0.0
5543836965,Senior Data Engineer,HCF Australia,"New South Wales, Australia",,,2025-12-16,IT Jobs,"This is a Senior Data Engineer role with HCF Australia based in NSW, AU  HCF Australia  Role Seniority - senior More about the Senior Data Engineer role at HCF Australia This role exists to lead the design, development, and implementation of scalable, secure, and high-performance data engineering solutions that underpin the organisation’s data platform and business applications. Responsibilities Design, develop, and implement complex data pipelines and frameworks that meet business, technical, …",0.0
5538650873,Senior Database Engineer,The Trade Desk,"The Rocks, Sydney",,,2025-12-12,IT Jobs,"This is a Senior Database Engineer role with The Trade Desk based in Sydney, NSW, AU  The Trade Desk  Role Seniority - senior More about the Senior Database Engineer role at The Trade Desk WHO WE ARE: The Trade Desk is a global technology company with a mission to create a better Internet for everyone through principled, intelligent advertising. We handle over 1 trillion queries per day (more than 100X the query volume of search globally), our platform operates at unprecedented scale. We have a…",0.0
5611332757,Senior Infrastructure Engineer,Quantium,"The Rocks, Sydney",,,2026-02-03,IT Jobs,"This is a Senior Infrastructure Engineer role with Quantium based in Sydney, NSW, AU  Quantium  Role Seniority - senior More about the Senior Infrastructure Engineer role at Quantium Job Type: Permanent - Full Time Location: Sydney Job Category: Business Technology and Platforms Quantium is a global leader in data science and artificial intelligence, at the forefront of the AI revolution transforming business worldwide. Since 2002, we have grown into an international team of over 1,200 AI and d…",0.0
5623748628,Carpenters,O'Sullivan Ground Engineering NSW Pty Ltd,"Croydon, Burwood Area",80000.0,80000.0,2026-02-11,Trade & Construction Jobs,"O'Sullivan Ground Engineering NSW is seeking experienced Carpenters for immediate start on projects throughout Sydney and NSW. Must have a minimum of three years' verifiable carpentry experience. Experience working on large civil infrastructure projects an advantage. Must have own transport. This is a full time, permanent position with a starting salary of $80,000 plus superannuation.",80000.0
5637702928,Principal Engineer - Communications and Technology,UGL,"New South Wales, Australia",,,2026-02-20,Engineering Jobs,"This is a Principal Engineer - Communications and Technology role with UGL based in NSW, AU  UGL  Role Seniority - senior More about the Principal Engineer - Communications and Technology role at UGL Within the Rail & Technology Systems sector, UGL is a leading provider of integrated systems for communications and rail infrastructure projects. We are uniquely positioned and resourced to support our clients in their goals of providing exceptional transport solutions. Our services include infrast…",0.0
5637671975,Critical Environment Electrical Engineer,Microsoft,"The Rocks, Sydney",,,2026-02-20,Engineering Jobs,"This is a Critical Environment Electrical Engineer role with Microsoft based in Sydney, NSW, AU  Microsoft  Role Seniority - mid level, senior More about the Critical Environment Electrical Engineer role at Microsoft Overview In alignment with our Microsoft values, we are committed to cultivating an inclusive work environment for all employees to positively impact our culture every day and we need you as a Critical Environment Electrical Engineer. Microsoft’s Cloud Operations & Innovation (COI)…",0.0
5637144165,"Machine Learning Engineer Graduate, Trust and Safety Engineering - 2026 Start",TikTok,"The Rocks, Sydney",,,2026-02-20,Graduate Jobs,"This is a Machine Learning Engineer Graduate, Trust and Safety Engineering - 2026 Start role with TikTok based in Sydney, NSW, AU  TikTok  Role Seniority - graduate More about the Machine Learning Engineer Graduate, Trust and Safety Engineering - 2026 Start role at TikTok Team Introduction Building a world where people can safely discover, create and connect. The Trust & Safety (T&S) team at TikTok helps ensure that our global online community is safe and empowered to create and enjoy content a…",0.0
5637348167,Critical Environment Mechanical Engineer,Microsoft,"The Rocks, Sydney",,,2026-02-20,Engineering Jobs,"This is a Critical Environment Mechanical Engineer role with Microsoft based in Sydney, NSW, AU  Microsoft  Role Seniority - mid level, senior More about the Critical Environment Mechanical Engineer role at Microsoft Overview Microsoft’s Cloud Operations & Innovation (COI) is the engine that powers our cloud services. As a COI Mechanical Engineer , you will perform a key role in delivering the core infrastructure and foundational technologies for Microsoft's online services including Bing, Offi…",0.0
5637249686,Sr. Forward Deployment Engineer,Databricks,"The Rocks, Sydney",,,2026-02-20,IT Jobs,"This is a Sr. Forward Deployment Engineer role with Databricks based in Sydney, NSW, AU  Databricks  Role Seniority - senior More about the Sr. Forward Deployment Engineer role at Databricks CSQ227R65 As a Sr. Forward Deployed Engineer (FDE), you will embed directly with our most strategic customers to design and deliver custom fullstack applications and solutions on the Databricks Data Intelligence Platform and other common software stacks. You will own the architecture, lead design decisions,…",0.0
5637191517,Snr Data Engineer - GCP,Ingrity,"The Rocks, Sydney",,,2026-02-20,IT Jobs,"This is a Snr Data Engineer - GCP role with Ingrity based in Sydney, NSW, AU  Ingrity  Role Seniority - senior More about the Snr Data Engineer - GCP role at Ingrity Senior Data Engineer Flexible engagement options (contract or permanent, depending on fit) Ingrity is a specialist Data & AI consultancy partnering with Australia’s leading enterprises to solve complex data challenges. We design and deliver modern, cloud-native data platforms that enable better decisions, scalable analytics, and re…",0.0
5637740483,Electrical MEP Site Engineer,Parklife Metro,"The Rocks, Sydney",,,2026-02-20,Engineering Jobs,"This is a Electrical MEP Site Engineer role with Parklife Metro based in Sydney, NSW, AU  Parklife Metro  Role Seniority - mid level More about the Electrical MEP Site Engineer role at Parklife Metro Join a Landmark Metro Station Project Parklife Metro Has Been Awarded The Sydney Metro SSTOM Package, a $5 Billion Public-Private Partnership (PPP) Project That Will Transform Western Sydney. This Major Infrastructure Package Includes Six brand-new metro stations from St Marys to the new Aerotropol…",0.0
5637671293,Director Data and Analytics Engineering,ResMed,"The Rocks, Sydney",,,2026-02-20,IT Jobs,"This is a Director Data and Analytics Engineering role with ResMed based in Sydney, NSW, AU  ResMed  Role Seniority - director More about the Director Data and Analytics Engineering role at ResMed Global Technology Solutions (GTS) at ResMed is a division dedicated to creating innovative, scalable, and secure platforms and services for patients, providers, and people across ResMed. The primary goal of GTS is to accelerate well-being and growth by transforming the core, enabling patient, people, …",0.0
5637185292,Backend Engineer Intern (Media Network Global Engineering) - 2026 Start,TikTok,"The Rocks, Sydney",,,2026-02-20,IT Jobs,"This is a Backend Engineer Intern (Media Network Global Engineering) - 2026 Start role with TikTok based in Sydney, NSW, AU  TikTok  Role Seniority - intern More about the Backend Engineer Intern (Media Network Global Engineering) - 2026 Start role at TikTok We are looking for talented individuals to join us for an internship in 2026 (Earliest starting in January). Internships at TikTok aim to offer students industry exposure and hands-on experience. Watch your ambitions become reality as your …",0.0
5637758908,Data Analyst/Data Engineer,Airservices Australia,"The Rocks, Sydney",,,2026-02-20,IT Jobs,"This is a Data Analyst/Data Engineer role with Airservices Australia based in Sydney, NSW, AU  Airservices Australia  Role Seniority - mid level More about the Data Analyst/Data Engineer role at Airservices Australia 12-month fixed-term role based in Canberra, Brisbane or Melbourne. Work on impactful projects that shape the future of air traffic management. Collaborate with a team committed to innovation and continuous improvement. Enjoy a supportive and safety-focused workplace culture. Summar…",0.0
5637442478,"Solution Engineering Manager, APAC",Atlassian,"The Rocks, Sydney",,,2026-02-20,IT Jobs,"This is a Solution Engineering Manager, APAC role with Atlassian based in Barangaroo, NSW, AU  Atlassian  Role Seniority - mid level, senior More about the Solution Engineering Manager, APAC role at Atlassian Working at Atlassian Atlassians can choose where they work – whether in an office, from home, or a combination of the two. That way, Atlassians have more control over supporting their family, personal goals, and other priorities. We can hire people in any country where we have a legal enti…",0.0
5637755099,Senior Site Reliability Engineer,Anduril Industries,"The Rocks, Sydney",,,2026-02-20,IT Jobs,"This is a Senior Site Reliability Engineer role with Anduril Industries based in Sydney, NSW, AU  Anduril Industries  Role Seniority - senior More about the Senior Site Reliability Engineer role at Anduril Industries Anduril Industries is a defense technology company with a mission to transform U.S. and allied military capabilities with advanced technology. By bringing the expertise, technology, and business model of the 21st century’s most innovative companies to the defense industry, Anduril …",0.0
5637373516,Senior/Staff Network Engineer,Airwallex,"The Rocks, Sydney",,,2026-02-20,IT Jobs,"This is a Senior/Staff Network Engineer role with Airwallex based in Sydney, NSW, AU  Airwallex  Role Seniority - senior More about the Senior/Staff Network Engineer role at Airwallex About Airwallex Airwallex is the only unified payments and financial platform for global businesses. Powered by our unique combination of proprietary infrastructure and software, we empower over 150,000 businesses worldwide – including Brex, Rippling, Navan, Qantas, SHEIN and many more – with fully integrated solu…",0.0
5637712434,"Backend Software Engineer Graduate, Trust and Safety Engineering - 2026 start",TikTok,"The Rocks, Sydney",,,2026-02-20,Graduate Jobs,"This is a Backend Software Engineer Graduate, Trust and Safety Engineering - 2026 start role with TikTok based in Sydney, NSW, AU  TikTok  Role Seniority - graduate More about the Backend Software Engineer Graduate, Trust and Safety Engineering - 2026 start role at TikTok About TikTok TikTok is the leading destination for short-form mobile video. At TikTok, our mission is to inspire creativity and bring joy. TikTok's global headquarters are in Los Angeles and Singapore, and its offices include …",0.0
5637714136,Senior Product Sustainability Engineer,ResMed,"The Rocks, Sydney",,,2026-02-20,Engineering Jobs,"This is a Senior Product Sustainability Engineer role with ResMed based in Sydney, NSW, AU  ResMed  Role Seniority - senior More about the Senior Product Sustainability Engineer role at ResMed Join the ResMed Product Sustainability team today! ResMed is a global leader in connected devices and digital health. We help millions of people sleep, breathe and live better lives. Are you ready to help fuel our growth? Changing lives with every breath is part of our DNA. After thirty years we are still…",0.0
5637670295,Forward Deployed Engineer - Sydney,Aircall,"The Rocks, Sydney",,,2026-02-20,IT Jobs,"This is a Forward Deployed Engineer - Sydney role with Aircall based in Sydney, NSW, AU  Aircall  Role Seniority - mid level More about the Forward Deployed Engineer - Sydney role at Aircall Aircall is a unicorn AI-powered customer communications platform used by 22,000 companies worldwide to drive revenue, faster resolutions, and scale. We’re redefining what a customer communications platform can be—by combining voice, SMS, WhatsApp, and AI into one seamless workspace. Our momentum comes from …",0.0
5637170618,Platform Integration and Test Engineer,Anduril Industries,"The Rocks, Sydney",,,2026-02-20,Engineering Jobs,"This is a Platform Integration and Test Engineer role with Anduril Industries based in Sydney, NSW, AU  Anduril Industries  Role Seniority - mid level, senior More about the Platform Integration and Test Engineer role at Anduril Industries Anduril Industries is a defense technology company with a mission to transform U.S. and allied military capabilities with advanced technology. By bringing the expertise, technology, and business model of the 21st century’s most innovative companies to the def…",0.0
5637442343,Senior Technical Support Engineer,NICE,"The Rocks, Sydney",,,2026-02-20,IT Jobs,"This is a Senior Technical Support Engineer role with NICE based in Sydney, NSW, AU  NICE  Role Seniority - senior More about the Senior Technical Support Engineer role at NICE At NiCE, we don’t limit our challenges. We challenge our limits. Always. We’re ambitious. We’re game changers. And we play to win. We set the highest standards and execute beyond them. And if you’re like us, we can offer you the ultimate career opportunity that will light a fire within you. Australian citizenship is requ…",0.0
5637657035,IT Onsite Engineer - Sydney,Hemmersbach,"The Rocks, Sydney",,,2026-02-20,IT Jobs,"This is a IT Onsite Engineer - Sydney role with Hemmersbach based in Sydney, NSW, AU  Hemmersbach  Role Seniority - mid level More about the IT Onsite Engineer - Sydney role at Hemmersbach Your skills 18 months of IT experience (or equivalent)Ability to build relationshipsExcellent time management skillExperience in OS, Apps and H/W installation and troubleshooting depending on project productsMobile Devices and Networking Your tasks As IT Support Engineer, you will be providing 2nd line onsite…",0.0
5637277793,Tendering Engineer - One Solution,Schneider Electric,"North Ryde, Ryde Area",,,2026-02-20,Engineering Jobs,"This is a Tendering Engineer - One Solution role with Schneider Electric based in Macquarie Park, NSW, AU  Schneider Electric  Role Seniority - mid level More about the Tendering Engineer - One Solution role at Schneider Electric Location: Brisbane (preferred) | Sydney | Hybrid working arrangement Do you dream of working for a company driven by meaningful purpose and delivering solutions that shape the future of energy? In 2026, our work matters more than ever. As Australia continues to invest …",0.0
5637670183,Sr. Systems Development Engineer,Amazon,"The Rocks, Sydney",,,2026-02-20,IT Jobs,"This is a Sr. Systems Development Engineer role with Amazon based in Sydney, NSW, AU  Amazon  Role Seniority - senior More about the Sr. Systems Development Engineer role at Amazon - Do you love decomposing problems to develop products that impact millions of people around the world? - Would you enjoy identifying, defining, and building software solutions that revolutionize how businesses operate? AWS Utility Computing (UC) provides product innovations — from foundational services such as Amazo…",0.0
5637268940,Intermediate/Senior Cybersecurity Engineer,Datacom,"The Rocks, Sydney",,,2026-02-20,IT Jobs,"This is a Intermediate/Senior Cybersecurity Engineer role with Datacom based in Sydney, NSW, AU  Datacom  Role Seniority - mid level More about the Intermediate/Senior Cybersecurity Engineer role at Datacom Description Recruiting now for a Jan/Feb 2026 Start Our Why Datacom works with organisations and communities across Australia and New Zealand to make a difference in people’s lives and help organisations use the power of technology to innovate and grow. About The Role (your Why) Our Cyber De…",0.0
5637249694,Software Engineer (Mid Level),Lendi Group,"The Rocks, Sydney",,,2026-02-20,IT Jobs,"This is a Software Engineer (Mid Level) role with Lendi Group based in Sydney, NSW, AU  Lendi Group  Role Seniority - mid level More about the Software Engineer (Mid Level) role at Lendi Group Company Description Lendi Group is a market-leading digital platform business focused on transforming the home loan industry. It operates the country’s 1 retail mortgage broker – the iconic Aussie Home Loans franchise – and the Australia’s 1 digital mortgage brand, Lendi. Together, with its national netwo…",0.0
5637277826,Senior Mechanical Commissioning Engineer,Parklife Metro,"The Rocks, Sydney",,,2026-02-20,Engineering Jobs,"This is a Senior Mechanical Commissioning Engineer role with Parklife Metro based in Sydney, NSW, AU  Parklife Metro  Role Seniority - senior More about the Senior Mechanical Commissioning Engineer role at Parklife Metro Shape the Future of Western Sydney Parklife Metro Has Been Awarded The Sydney Metro SSTOM Package, a $5 Billion Public-Private Partnership (PPP) Project That Will Transform Western Sydney. This Major Infrastructure Package Includes Six brand-new metro stations from St Marys to …",0.0
5637348138,Azure DevOps engineer with YAML,XPT Software,"The Rocks, Sydney",,,2026-02-20,IT Jobs,"This is a Azure DevOps engineer with YAML role with XPT Software based in Sydney, NSW, AU  XPT Software  Role Seniority - mid level More about the Azure DevOps engineer with YAML role at XPT Software Role Overview We are seeking a hands-on DevOps Engineer to join our team and act as a bridge between our application developers and our infrastructure. Your primary mission will be to accelerate the software delivery lifecycle by helping application teams onboard their applications onto our standar…",0.0
5637277886,Software Engineer (Mid-Level),Prospa,"The Rocks, Sydney",,,2026-02-20,IT Jobs,"This is a Software Engineer (Mid-Level) role with Prospa based in Sydney, NSW, AU  Prospa  Role Seniority - mid level More about the Software Engineer (Mid-Level) role at Prospa At Prospa, we exist to unleash the potential of small business. We are building the future of small business and simplifying cashflow by building a leading platform that helps customers make payments, fund growth and reduce admin. Join us! The role As a Full Stack Engineer, you’ll play a key role in building the technol…",0.0
5637191164,Staff Detection and Response Engineer,Heidi Health,"The Rocks, Sydney",,,2026-02-20,IT Jobs,"This is a Staff Detection and Response Engineer role with Heidi Health based in Sydney, NSW, AU  Heidi Health  Role Seniority - senior, director More about the Staff Detection and Response Engineer role at Heidi Health Who We Are Healthcare needs a better rhythm: one that keeps care continuous and deeply human. Heidi is building an AI Care Partner that works alongside clinicians to make that possible. We’re a team of doctors, engineers, designers, researchers, and creatives building tools that …",0.0
5637249700,Senior Machine Learning Engineer,MYOB,"The Rocks, Sydney",,,2026-02-20,IT Jobs,"This is a Senior Machine Learning Engineer role with MYOB based in Sydney, NSW, AU  MYOB  Role Seniority - senior More about the Senior Machine Learning Engineer role at MYOB We’re a leading business management solution with a core purpose: helping more businesses in Australia and New Zealand start, survive and succeed. At MYOB, we believe what’s good for one business is good for all business—and for all of us. Whether you support them, work for them, or dream of building your own, when busines…",0.0
5640863806,"Systems Engineer, Region Services",Amazon,"The Rocks, Sydney",,,2026-02-22,IT Jobs,"This is a Systems Engineer, Region Services role with Amazon based in Sydney, NSW, AU  Amazon  Role Seniority - mid level, senior More about the Systems Engineer, Region Services role at Amazon Our Region Services team redefines the way AWS designs, builds, and operates AWS regions to enable new AWS Cloud Infrastructure and Services offerings to customers across every industry and of every size, including start-ups, enterprises, and public sector organizations. We are actively seeking experienc…",0.0
5637347950,Red Hat OpenShift Engineer,Accenture,"The Rocks, Sydney",,,2026-02-20,IT Jobs,"This is a Red Hat OpenShift Engineer role with Accenture based in Barangaroo, NSW, AU  Accenture  Role Seniority - mid level More about the Red Hat OpenShift Engineer role at Accenture We are seeking a skilled and motivated Red Hat OpenShift Engineer to design, build, and maintain OpenShift clusters on-premises within a private cloud infrastructure. The ideal candidate will have deep expertise in container orchestration, infrastructure automation, and enterprise-grade OpenShift deployments. Thi…",0.0
5637296866,Head of Engineering - Financial Services,REA Group,"The Rocks, Sydney",,,2026-02-20,IT Jobs,"This is a Head of Engineering - Financial Services role with REA Group based in Sydney, NSW, AU  REA Group  Role Seniority - senior More about the Head of Engineering - Financial Services role at REA Group Join an organisation with a thriving culture centred around high performance and care We're REA With bold and ambitious goals, REA Group is changing the way the world experiences property. No matter where you're at on your property journey, we're here to help with every step - whether that's …",0.0
5637152727,Lead Site Reliability Engineer,Quantium,"The Rocks, Sydney",,,2026-02-20,IT Jobs,"This is a Lead Site Reliability Engineer role with Quantium based in Sydney, NSW, AU  Quantium  Role Seniority - senior More about the Lead Site Reliability Engineer role at Quantium Job Type: Permanent - Full Time Location: Sydney Job Category: Engineering Quantium is a global leader in data science and artificial intelligence, at the forefront of the AI revolution transforming business worldwide. Since 2002, we have grown into an international team of over 1,200 AI and data specialists across…",0.0
5637761237,Staff Cloud Platform Engineer,Q-CTRL,"The Rocks, Sydney",,,2026-02-20,IT Jobs,"This is a Staff Cloud Platform Engineer role with Q-CTRL based in Sydney, NSW, AU  Q-CTRL  Role Seniority - senior More about the Staff Cloud Platform Engineer role at Q-CTRL About the team At Q-CTRL, Quantum Computing Engineering is a global team of software engineers and infrastructure experts,combining deep technical expertise with a startup mindset to deliver real impact through software innovation. Our work is underpinned by robust standards, and by embracing the three virtues. Our team ex…",0.0
5637297136,Test Systems Engineering Manager,ResMed,"The Rocks, Sydney",,,2026-02-20,Engineering Jobs,"This is a Test Systems Engineering Manager role with ResMed based in Sydney, NSW, AU  ResMed  Role Seniority - senior More about the Test Systems Engineering Manager role at ResMed The Systems Engineering Manager - Test Solutions provides people leadership within the Test Systems Engineering discipline, a specialization of Systems & Measurement Engineering – to enable delivery & sustaining of our New product introduction & Legacy Manufacturing test solutions. Candidates will demonstrate excelle…",0.0
5637150832,Software Engineering Team Lead,Freelancer.com,"The Rocks, Sydney",,,2026-02-20,IT Jobs,"This is a Software Engineering Team Lead role with Freelancer.com based in Sydney, NSW, AU  Freelancer.com  Role Seniority - mid level More about the Software Engineering Team Lead role at Freelancer.com Are you an experienced software engineering team lead looking to take the next step in your career? Do you have a passion for leading and mentoring a team? If so, Escrow.com is seeking a talented software engineering team lead to join our dynamic and fast-paced environment! This won't be your t…",0.0
5637712282,Head of Engineering - Transmission Lines,UGL,"The Rocks, Sydney",,,2026-02-20,Engineering Jobs,"This is a Head of Engineering - Transmission Lines role with UGL based in Sydney, NSW, AU  UGL  Role Seniority - senior More about the Head of Engineering - Transmission Lines role at UGL Lead the Future of Energy – Transmission Lines Head of Engineering Are you ready to play a pivotal role in Australia’s energy transition? UGL is seeking an energetic and visionary leader to head our industry-respected Transmission Lines Engineering Team. This is your opportunity to lead a team that designs and…",0.0
5637758962,Senior Software Engineer (AI),Eucalyptus,"New South Wales, Australia",,,2026-02-20,IT Jobs,"This is a Senior Software Engineer (AI) role with Eucalyptus based in NSW, AU  Eucalyptus  Role Seniority - senior More about the Senior Software Engineer (AI) role at Eucalyptus Location of position: Sydney, Australia Employment Type: Full Time Healthcare is usually slow and boring. We believe in its potential to be exciting and entertaining. But changing the healthcare experience is hard – and we’re gonna need all the help we can get…! About Eucalyptus Eucalyptus (or 'Euc' for short) is an Au…",0.0
5643125798,Principal Software Engineering Manager,Microsoft,"The Rocks, Sydney",,,2026-02-24,IT Jobs,"This is a Principal Software Engineering Manager role with Microsoft based in Sydney, NSW, AU  Microsoft  Role Seniority - senior More about the Principal Software Engineering Manager role at Microsoft Overview Are you passionate about building world-class, fast, scalable infrastructure for container workloads? Are you looking for an opportunity to enable and have great impact on how developers work on these workflows? If so, we have an exciting opportunity for you! With Azure's continued expan…",0.0
5637278210,"Senior Controls Engineer, Specialist",WSP in Australia,"The Rocks, Sydney",,,2026-02-20,Engineering Jobs,"This is a Senior Controls Engineer, Specialist role with WSP in Australia based in Sydney, NSW, AU  WSP in Australia  Role Seniority - senior More about the Senior Controls Engineer, Specialist role at WSP in Australia What if you could do the kind of work the world needs? At WSP, you can access our global scale, contribute to landmark projects and connect with the brightest minds in your field to do the best work of your life. You can embrace your curiosity in a culture that celebrates new ide…",0.0
5637740367,"Senior IT Engineer, LRC",Airwallex,"The Rocks, Sydney",,,2026-02-20,IT Jobs,"This is a Senior IT Engineer, LRC role with Airwallex based in Sydney, NSW, AU  Airwallex  Role Seniority - senior More about the Senior IT Engineer, LRC role at Airwallex About Airwallex Airwallex is the only unified payments and financial platform for global businesses. Powered by our unique combination of proprietary infrastructure and software, we empower over 200,000 businesses worldwide – including Brex, Rippling, Navan, Qantas, SHEIN and many more – with fully integrated solutions to man…",0.0
5637740162,Senior Systems/Commissioning Engineer,Kapsch Group,"The Rocks, Sydney",,,2026-02-20,Engineering Jobs,"This is a Senior Systems/Commissioning Engineer role with Kapsch Group based in Sydney, NSW, AU  Kapsch Group  Role Seniority - senior More about the Senior Systems/Commissioning Engineer role at Kapsch Group We have an incredible and rare opportunity for an experienced Senior Systems/Commissioning Engineer to join our team on a full-time permanent basis. The successful candidate will manage complex and exciting projects at the cutting edge of technology in the transport industry space. Your Re…",0.0
5637235987,Mechanical MEP Site Engineer,Parklife Metro,"The Rocks, Sydney",,,2026-02-20,Engineering Jobs,"This is a Mechanical MEP Site Engineer role with Parklife Metro based in Sydney, NSW, AU  Parklife Metro  Role Seniority - mid level More about the Mechanical MEP Site Engineer role at Parklife Metro Join a Landmark Metro Station Project Parklife Metro Has Been Awarded The Sydney Metro SSTOM Package, a $5 Billion Public-Private Partnership (PPP) Project That Will Transform Western Sydney. This Major Infrastructure Package Includes Six brand-new metro stations from St Marys to the new Aerotropol…",0.0
5637272238,Senior Software Engineer - Australia,Neara,"The Rocks, Sydney",,,2026-02-20,IT Jobs,"This is a Senior Software Engineer - Australia role with Neara based in Sydney, NSW, AU  Neara  Role Seniority - senior More about the Senior Software Engineer - Australia role at Neara Imagine having the power to stress-test an entire power grid against a hurricane before the clouds even gather. That is the reality we are creating at Neara. We use advanced machine learning to create engineering-grade, physics enabled digital twins of electricity grids across four continents, this helps asset o…",0.0
5639215837,MEP Electrical Project Engineer,Parklife Metro,"The Rocks, Sydney",,,2026-02-21,Engineering Jobs,"This is a MEP Electrical Project Engineer role with Parklife Metro based in Sydney, NSW, AU  Parklife Metro  Role Seniority - mid level More about the MEP Electrical Project Engineer role at Parklife Metro About Us The Parklife Metro consortium, in partnership with the NSW Government, is delivering one of Western Sydney's most transformative infrastructure projects as part of the Sydney Metro - Western Sydney Airport line. Our consortium—featuring Plenary, RATP Dev, Siemens, and Webuild—is deli…",0.0
5640823828,Principal Software Engineering Manager,Microsoft,"The Rocks, Sydney",,,2026-02-22,IT Jobs,"This is a Principal Software Engineering Manager role with Microsoft based in Sydney, NSW, AU  Microsoft  Role Seniority - senior More about the Principal Software Engineering Manager role at Microsoft Overview Are you passionate about distributed systems, massive scalability, and durability? Are you interested in solving the challenges of Cloud-scale Storage? If so, the Microsoft Azure Storage team is the perfect fit for you. Azure Storage is a foundational service in the Azure Cloud which pow…",0.0
5637273030,"Software Engineer, Back-end",Q-CTRL,"The Rocks, Sydney",,,2026-02-20,IT Jobs,"This is a Software Engineer, Back-end role with Q-CTRL based in Sydney, NSW, AU  Q-CTRL  Role Seniority - mid level, senior More about the Software Engineer, Back-end role at Q-CTRL About us Founded in 2017, Q-CTRL has grown to become the global leader in quantum. We’re using control to solve the hardest problems facing quantum technology, improving hardware performance and accelerating pathways to useful quantum computers and other technologies. As a product-led company, we bring together dive…",0.0
5637712447,"Senior IT Engineer, Okta",Airwallex,"The Rocks, Sydney",,,2026-02-20,IT Jobs,"This is a Senior IT Engineer, Okta role with Airwallex based in Sydney, NSW, AU  Airwallex  Role Seniority - senior More about the Senior IT Engineer, Okta role at Airwallex About Airwallex Airwallex is the only unified payments and financial platform for global businesses. Powered by our unique combination of proprietary infrastructure and software, we empower over 150,000 businesses worldwide – including Brex, Rippling, Navan, Qantas, SHEIN and many more – with fully integrated solutions to m…",0.0
5637296972,Senior Full Stack Engineer,Sitemate,"The Rocks, Sydney",,,2026-02-20,IT Jobs,"This is a Senior Full Stack Engineer role with Sitemate based in Sydney, NSW, AU  Sitemate  Role Seniority - senior More about the Senior Full Stack Engineer role at Sitemate Thanks for stopping by and learning more about this role at Sitemate! ✨️ We’d love to hear from you ‍‍‍‍ Brief Overview Of This Role We are looking for a senior full-stack software engineer to join our supportive and collaborative engineering team. We have multiple roles open, including junior and mid-level full-stack engi…",0.0
5637235859,Staff Embedded Software Engineer,Q-CTRL,"The Rocks, Sydney",,,2026-02-20,IT Jobs,"This is a Staff Embedded Software Engineer role with Q-CTRL based in Sydney, NSW, AU  Q-CTRL  Role Seniority - mid level More about the Staff Embedded Software Engineer role at Q-CTRL About the team The Sensing Engineering team at Q-CTRL transforms quantum research into deployable technologies that address real-world problems. We design, build, and field-validate an array of quantum sensors that support our key products, including Ironestone Opal - our solution for GPS-denied navigation. You do…",0.0
5637296921,Senior Full Stack Engineer,Tracksuit,"The Rocks, Sydney",,,2026-02-20,IT Jobs,"This is a Senior Full Stack Engineer role with Tracksuit based in Sydney, NSW, AU  Tracksuit  Role Seniority - senior More about the Senior Full Stack Engineer role at Tracksuit We are committed to promoting a diverse and inclusive workplace - a place where we can each be ourselves and do the best work of our lives. At Tracksuit we consider a unique perspective, diverse experience and a growth mindset to be of greater value than ticking every box on an JD. If you think you have what it takes bu…",0.0
5637144334,"Commercial Engineering Lead, NPI",Anduril Industries,"The Rocks, Sydney",,,2026-02-20,Engineering Jobs,"This is a Commercial Engineering Lead, NPI role with Anduril Industries based in Sydney, NSW, AU  Anduril Industries  Role Seniority - mid level More about the Commercial Engineering Lead, NPI role at Anduril Industries Anduril Industries is a defense technology company with a mission to transform U.S. and allied military capabilities with advanced technology. By bringing the expertise, technology, and business model of the 21st century’s most innovative companies to the defense industry, Andur…",0.0
5637185298,Senior Site Reliability Engineer,Anduril Industries,"The Rocks, Sydney",,,2026-02-20,IT Jobs,"This is a Senior Site Reliability Engineer role with Anduril Industries based in Sydney, NSW, AU  Anduril Industries  Role Seniority - senior More about the Senior Site Reliability Engineer role at Anduril Industries Anduril Industries is a defense technology company with a mission to transform U.S. and allied military capabilities with advanced technology. By bringing the expertise, technology, and business model of the 21st century’s most innovative companies to the defense industry, Anduril …",0.0
5637761472,Senior Security Engineer - Sydney,SafetyCulture,"The Rocks, Sydney",,,2026-02-20,IT Jobs,"This is a Senior Security Engineer - Sydney role with SafetyCulture based in Sydney, NSW, AU  SafetyCulture  Role Seniority - senior More about the Senior Security Engineer - Sydney role at SafetyCulture Why join us? We’re a global tech company, just not the kind you’re picturing. Sure, we’ve got catered lunches, team events, cool merch, and yes dogs in the office. But that’s not why people join. Our team of nearly a thousand people wakes up every day to make our product and our customers’ live…",0.0
5637740247,Pre-Sales Solutions Engineer,Schneider Electric,"North Ryde, Ryde Area",,,2026-02-20,Engineering Jobs,"This is a Pre-Sales Solutions Engineer role with Schneider Electric based in Macquarie Park, NSW, AU  Schneider Electric  Role Seniority - mid level More about the Pre-Sales Solutions Engineer role at Schneider Electric Grow Your Career: Pre-Sales Solutions Engineer – Data Centre & Critical Environments Ready to take your technical expertise to the next level? This is your chance to shape the future of data centres and work on projects that power critical environments across Australia. As a Pre…",0.0
5637150689,Senior AWS Data Engineer,ASX,"The Rocks, Sydney",,,2026-02-20,IT Jobs,"This is a Senior AWS Data Engineer role with ASX based in Sydney, NSW, AU  ASX  Role Seniority - senior More about the Senior AWS Data Engineer role at ASX ASX: Powering Australia's financial markets Why join the ASX? When you join ASX, you’re joining a company with a strong purpose – to power a stronger economic future by enabling a fair and dynamic marketplace for all. In your new role, you’ll be part of a leading global securities exchange with a strong brand. We are known for being a truste…",0.0
5637233444,Senior Software Engineer - AFD,Microsoft,"The Rocks, Sydney",,,2026-02-20,IT Jobs,"This is a Senior Software Engineer - AFD role with Microsoft based in Sydney, NSW, AU  Microsoft  Role Seniority - senior More about the Senior Software Engineer - AFD role at Microsoft Overview Are you passionate about building large-scale, high-performance distributed systems that power the intelligent edge of the Internet? Do you thrive on tackling challenging technical problems and delivering features that millions of customers rely on every day? The Azure Front Door (AFD) service is a glob…",0.0
5637348084,Senior Solutions Engineer | DX,Atlassian,"The Rocks, Sydney",,,2026-02-20,Engineering Jobs,"This is a Senior Solutions Engineer | DX role with Atlassian based in Barangaroo, NSW, AU  Atlassian  Role Seniority - senior More about the Senior Solutions Engineer | DX role at Atlassian Before we jump into the responsibilities of the role. No matter what you come in knowing, you’ll be learning new things all the time and the Atlassian team will be there to support your growth.  Please consider applying even if you don't meet 100% of what’s outlined  Key Responsibilities Key Strengths A Fina…",0.0
5637163437,Associate GTM Operations Engineer,Immutable,"The Rocks, Sydney",,,2026-02-20,Engineering Jobs,"This is a Associate GTM Operations Engineer role with Immutable based in Sydney, NSW, AU  Immutable  Role Seniority - junior More about the Associate GTM Operations Engineer role at Immutable About Us  Immutable is a global technology company, powering the leading platform for building games on Ethereum. We are on a mission to build the future of gaming by redefining how games are played and discovered. Founded in 2018, Immutable is one of the fastest Australian companies to hit unicorn status,…",0.0
5637296919,Mobile Engineer – React Native,Lendi Group,"The Rocks, Sydney",,,2026-02-20,IT Jobs,"This is a Mobile Engineer – React Native role with Lendi Group based in Sydney, NSW, AU  Lendi Group  Role Seniority - mid level More about the Mobile Engineer – React Native role at Lendi Group Company Description Lendi Group is a market-leading digital platform business focused on transforming the home loan industry. It operates the country’s 1 retail mortgage broker – the iconic Aussie Home Loans franchise – and the Australia’s 1 digital mortgage brand, Lendi. Together, with its national net…",0.0
5637163477,"Software Engineer II, Yield",Airwallex,"The Rocks, Sydney",,,2026-02-20,Engineering Jobs,"This is a Software Engineer II, Yield role with Airwallex based in Sydney, NSW, AU  Airwallex  Role Seniority - mid level More about the Software Engineer II, Yield role at Airwallex About Airwallex Airwallex is the only unified payments and financial platform for global businesses. Powered by our unique combination of proprietary infrastructure and software, we empower over 200,000 businesses worldwide – including Brex, Rippling, Navan, Qantas, SHEIN and many more – with fully integrated solut…",0.0
5637214385,Software Engineer II - AFD,Microsoft,"The Rocks, Sydney",,,2026-02-20,IT Jobs,"This is a Software Engineer II - AFD role with Microsoft based in Sydney, NSW, AU  Microsoft  Role Seniority - mid level More about the Software Engineer II - AFD role at Microsoft Overview Are you passionate about building large-scale, high-performance distributed systems that power the intelligent edge of the Internet? Do you enjoy solving complex technical challenges on a global scale and want to work on systems that millions of customers depend on every single day? Azure Front Door (AFD) is…",0.0
5637144416,Senior Software Engineer I,Eucalyptus,"New South Wales, Australia",,,2026-02-20,IT Jobs,"This is a Senior Software Engineer I role with Eucalyptus based in NSW, AU  Eucalyptus  Role Seniority - senior More about the Senior Software Engineer I role at Eucalyptus About Euc We’re making good health last a lifetime More than 1 billion people globally live with obesity — a major leading indicator of many preventable chronic diseases such as diabetes and heart disease. Eucalyptus (or 'Euc' for short) is the company behind Juniper , one of the world’s largest weight management programs co…",0.0
5637383947,Staff Application Security Engineer,Heidi Health,"The Rocks, Sydney",,,2026-02-20,IT Jobs,"This is a Staff Application Security Engineer role with Heidi Health based in Sydney, NSW, AU  Heidi Health  Role Seniority - senior, director More about the Staff Application Security Engineer role at Heidi Health Who We Are Healthcare needs a better rhythm: one that keeps care continuous and deeply human. Heidi is building an AI Care Partner that works alongside clinicians to make that possible. We’re a team of doctors, engineers, designers, researchers, and creatives building tools that help…",0.0
5637670243,Senior Software Engineer - Yield,Airwallex,"The Rocks, Sydney",,,2026-02-20,IT Jobs,"This is a Senior Software Engineer - Yield role with Airwallex based in Sydney, NSW, AU  Airwallex  Role Seniority - senior More about the Senior Software Engineer - Yield role at Airwallex About Airwallex Airwallex is the only unified payments and financial platform for global businesses. Powered by our unique combination of proprietary infrastructure and software, we empower over 150,000 businesses worldwide – including Brex, Rippling, Navan, Qantas, SHEIN and many more – with fully integrate…",0.0
5637214299,Senior Data Analytics Engineer,hipages Group,"The Rocks, Sydney",,,2026-02-20,Engineering Jobs,"This is a Senior Data Analytics Engineer role with hipages Group based in Sydney, NSW, AU  hipages Group  Role Seniority - senior More about the Senior Data Analytics Engineer role at hipages Group We’re hipages, Australia’s 1 digital platform connecting homeowners with trusted tradies. As an ASX-listed tech company, we're on a mission to transform the trade industry and improve lives. With teams across Australia, New Zealand, the Philippines and Vietnam, we work as one team with a shared purpo…",0.0
5637233451,Mobile Full Stack Engineer,Sitemate,"The Rocks, Sydney",,,2026-02-20,IT Jobs,"This is a Mobile Full Stack Engineer role with Sitemate based in Sydney, NSW, AU  Sitemate  Role Seniority - mid level More about the Mobile Full Stack Engineer role at Sitemate Thanks for stopping by and learning more about this role at Sitemate! ✨️ We’d love to hear from you ‍‍‍‍ Brief Overview Of This Role We are looking for a mobile/full-stack software engineer to join our supportive and collaborative engineering team. This role would be great for you if you are looking for more technical a…",0.0
5637761223,Staff Infrastructure Security Engineer,Heidi Health,"The Rocks, Sydney",,,2026-02-20,IT Jobs,"This is a Staff Infrastructure Security Engineer role with Heidi Health based in Sydney, NSW, AU  Heidi Health  Role Seniority - senior, director More about the Staff Infrastructure Security Engineer role at Heidi Health Who We Are Healthcare needs a better rhythm: one that keeps care continuous and deeply human. Heidi is building an AI Care Partner that works alongside clinicians to make that possible. We’re a team of doctors, engineers, designers, researchers, and creatives building tools tha…",0.0
5637214443,Software Engineer - Developer Experience,Optiver,"The Rocks, Sydney",,,2026-02-20,IT Jobs,"This is a Software Engineer - Developer Experience role with Optiver based in Sydney, NSW, AU  Optiver  Role Seniority - mid level More about the Software Engineer - Developer Experience role at Optiver Who we are Optiver is a global market maker founded in Amsterdam, with offices in London, Chicago, Austin, New York, Sydney, Shanghai, Hong Kong, Singapore, Taipei and Mumbai. Established in 1986, today we are a leading liquidity provider, with close to 2,000 employees in offices around the worl…",0.0
5637145474,AI Engineering Sr Manager,Accenture,"The Rocks, Sydney",,,2026-02-20,IT Jobs,"This is a AI Engineering Sr Manager role with Accenture based in Barangaroo, NSW, AU  Accenture  Role Seniority - senior More about the AI Engineering Sr Manager role at Accenture Accenture is a global professional services company with leading capabilities in digital, cloud and security. Find out more about us at accenture.com . Role Overview: We are seeking an experienced and forward-thinking Principal AI Engineer to lead the design, development, and deployment of cutting-edge AI solutions fo…",0.0
5637278236,Senior Cloud Platform Engineer,Q-CTRL,"The Rocks, Sydney",,,2026-02-20,IT Jobs,"This is a Senior Cloud Platform Engineer role with Q-CTRL based in Sydney, NSW, AU  Q-CTRL  Role Seniority - senior More about the Senior Cloud Platform Engineer role at Q-CTRL About us Founded in 2017, Q-CTRL has grown to become the global leader in quantum. We’re using control to solve the hardest problems facing quantum technology, improving hardware performance and accelerating pathways to useful quantum computers and other technologies. As a product-led company, we bring together diverse t…",0.0
5637347808,Senior Hosting Engineer in Sydney,Wisetech Global,"The Rocks, Sydney",,,2026-02-20,IT Jobs,"This is a Senior Hosting Engineer in Sydney role with Wisetech Global based in Sydney, NSW, AU  Wisetech Global  Role Seniority - senior More about the Senior Hosting Engineer in Sydney role at Wisetech Global WiseTech Global is a world-leading software company building software for the global logistics industry. We are united in our mission to create breakthrough products that enable and empower those who own and operate the world's supply chains. More than 18,000 logistics organizations use o…",0.0
5637735035,Senior Infrastructure Engineer - Acquisitions,Wisetech Global,"The Rocks, Sydney",,,2026-02-20,IT Jobs,"This is a Senior Infrastructure Engineer - Acquisitions role with Wisetech Global based in Sydney, NSW, AU  Wisetech Global  Role Seniority - senior More about the Senior Infrastructure Engineer - Acquisitions role at Wisetech Global Level up your career and revolutionize the world of logistics with WiseTech Global! WiseTech Global is a world-leading software company building software for the global logistics industry. We are united in our mission to create breakthrough products that enable and…",0.0
5637191387,Software Engineer II - Identity,The Trade Desk,"The Rocks, Sydney",,,2026-02-20,IT Jobs,"This is a Software Engineer II - Identity role with The Trade Desk based in Sydney, NSW, AU  The Trade Desk  Role Seniority - mid level More about the Software Engineer II - Identity role at The Trade Desk What We Do The Identity team’s mission is to help advertisers reach audiences and measure campaign outcomes across omnichannel marketing strategies. We develop industry‑leading cross‑device graphs by leveraging identity signals from petabytes of data and applying these signals in real time ac…",0.0
5637249607,Senior Site Reliability Engineer,Heidi Health,"The Rocks, Sydney",,,2026-02-20,IT Jobs,"This is a Senior Site Reliability Engineer role with Heidi Health based in Sydney, NSW, AU  Heidi Health  Role Seniority - mid level, senior More about the Senior Site Reliability Engineer role at Heidi Health Who We Are Healthcare needs a better rhythm: one that keeps care continuous and deeply human. Heidi is building an AI Care Partner that works alongside clinicians to make that possible. We’re a team of doctors, engineers, designers, researchers, and creatives building tools that help clin…",0.0
5637740224,Site Reliability Engineer - Infrastructure,TikTok,"The Rocks, Sydney",,,2026-02-20,IT Jobs,"This is a Site Reliability Engineer - Infrastructure role with TikTok based in Sydney, NSW, AU  TikTok  Role Seniority - mid level More about the Site Reliability Engineer - Infrastructure role at TikTok Team Introduction The team is responsible for infrastructure systems, including Storage/Computing/DB. We aim to be the leading SRE team across the industry. In the SRE team, you will have the opportunity to manage the complex challenges of scale, while using expertise in coding, algorithms, com…",0.0
5637272966,Solutions Engineer - Greater China,Atlassian,"The Rocks, Sydney",,,2026-02-20,IT Jobs,"This is a Solutions Engineer - Greater China role with Atlassian based in Barangaroo, NSW, AU  Atlassian  Role Seniority - mid level More about the Solutions Engineer - Greater China role at Atlassian Overview Atlassians can choose where they work – whether in an office, from home, or a combination of the two. That way, Atlassians have more control over supporting their family, personal goals, and other priorities. We can hire people in any country where we have a legal entity. Interviews and o…",0.0
5637670343,Senior Engineer - Core Services,Culture Amp,"The Rocks, Sydney",,,2026-02-20,IT Jobs,"This is a Senior Engineer - Core Services role with Culture Amp based in Sydney, NSW, AU  Culture Amp  Role Seniority - senior More about the Senior Engineer - Core Services role at Culture Amp Join us on our mission to make a better world of work. Culture Amp is the world’s leading employee experience platform, revolutionizing how 25 million employees across more than 6,500 companies create a better world of work. Culture Amp empowers companies of all sizes and industries to transform employee…",0.0
5637235974,Senior Engineer - Applied AI,Culture Amp,"The Rocks, Sydney",,,2026-02-20,IT Jobs,"This is a Senior Engineer - Applied AI role with Culture Amp based in Sydney, NSW, AU  Culture Amp  Role Seniority - senior More about the Senior Engineer - Applied AI role at Culture Amp Join us on our mission to make a better world of work. Culture Amp is the world’s leading employee experience platform, revolutionizing how 25 million employees across more than 6,500 companies create a better world of work. Culture Amp empowers companies of all sizes and industries to transform employee engag…",0.0
5637334240,Principal Engineer - Machine Learning,REA Group,"The Rocks, Sydney",,,2026-02-20,IT Jobs,"This is a Principal Engineer - Machine Learning role with REA Group based in Sydney, NSW, AU  REA Group  Role Seniority - senior, director More about the Principal Engineer - Machine Learning role at REA Group Make an impact shaping and advancing AI and ML initiatives in a collaborative team! Work for a leading provider of property data impacting millions of users! Permanent full time role based in Sydney We're REA With bold and ambitious goals, REA Group is changing the way the world experienc…",0.0
5637670138,Microsoft 365 Consultant/Engineer,Unisys,"Liberty Grove, Canada Bay Area",,,2026-02-20,IT Jobs,"This is a Microsoft 365 Consultant/Engineer role with Unisys based in Rhodes, NSW, AU  Unisys  Role Seniority - senior More about the Microsoft 365 Consultant/Engineer role at Unisys What success looks like in this role: We are seeking a highly experienced Microsoft 365 Consultant/Engineer to join our dynamic team. The ideal candidate will possess extensive experience in Microsoft 365 implementation, configuration, and migration projects. This role requires exceptional technical skills, strong …",0.0
5637347897,Senior Options Software Engineer,Citadel Securities,"The Rocks, Sydney",,,2026-02-20,IT Jobs,"This is a Senior Options Software Engineer role with Citadel Securities based in Sydney, NSW, AU  Citadel Securities  Role Seniority - senior More about the Senior Options Software Engineer role at Citadel Securities Role Summary Options market making presents a unique challenge in combining scale with business complexity. With over a million of listed options at the heart of billions of messages, we handle internet-scale datasets while being constrained on hardware due to latency requirements …",0.0
5637372007,Cloud Engineer - Sentinel / XDR,CyberCX,"New South Wales, Australia",,,2026-02-20,IT Jobs,"This is a Cloud Engineer - Sentinel / XDR role with CyberCX based in NSW, AU  CyberCX  Role Seniority - junior, mid level More about the Cloud Engineer - Sentinel / XDR role at CyberCX The work we do matters We protect and defend our customers and communities by providing the most comprehensive range of cyber security professional services in the region. With more than 1,400 team members across Australia, New Zealand, the UK and US, we are a leading force in cyber security, offering services fr…",0.0
5643154585,Customer Deployment Engineer | AU,Harrison.ai,"The Rocks, Sydney",,,2026-02-24,IT Jobs,"This is a Customer Deployment Engineer | AU role with Harrison.ai based in Sydney, NSW, AU  Harrison.ai  Role Seniority - mid level More about the Customer Deployment Engineer | AU role at Harrison.ai supporting projects and your passion for technology to bring to market cutting-edge AI-driven medical devices that positively impact patient lives at scale. Why join us?  Do work that matters. We’re pioneering AI software that will help diagnose medical images and raise the standard of healthcare …",0.0
5637297006,AWS Amazon Connect Engineer,Accenture,"The Rocks, Sydney",,,2026-02-20,IT Jobs,"This is a AWS Amazon Connect Engineer role with Accenture based in Sydney, NSW, AU  Accenture  Role Seniority - mid level, senior More about the AWS Amazon Connect Engineer role at Accenture Accenture is a global professional services company with leading capabilities in digital, cloud and security. Find out more about us at https://www.accenture.com/ Are you ready to step up to The New and take your technology expertise to the next level? Accenture is looking for passionate AWS Cognitive Custo…",0.0
5637390737,Site Reliability Engineer- Video and Edge Global Engineering (English & Mandarin Speaking),TikTok,"The Rocks, Sydney",,,2026-02-20,IT Jobs,"This is a Site Reliability Engineer- Video and Edge Global Engineering (English & Mandarin Speaking) role with TikTok based in Sydney, NSW, AU  TikTok  Role Seniority - mid level, senior More about the Site Reliability Engineer- Video and Edge Global Engineering (English & Mandarin Speaking) role at TikTok About the Team The Video and Edge Global Engineering team is responsible for business facing experience and cost of the Video on Demand and Live Streaming platform. We build a competitive vid…",0.0
5605664852,Renderer / Plasterer,O'Sullivan Ground Engineering  Pty Ltd,"Croydon, Burwood Area",80000.0,80000.0,2026-01-30,Trade & Construction Jobs,"O'Sullivan Ground Engineering (Qld) is seeking experienced Plasterers / Renderers for immediate start on projects in Sydney and throughout NSW . Must have a minimum of three years verifiable experience performing the full range of shotcreting works and the construction of concrete structures, including the following: - studying blueprints and scale drawings to determine site requirements; - ordering required materials; - applying coats of plaster and cement render; - cleaning and preparing surf…",80000.0
5637732826,Graduate Forward Deployed Software Engineer,Lyra,"The Rocks, Sydney",,,2026-02-20,Graduate Jobs,"This is a Graduate Forward Deployed Software Engineer role with Lyra based in Sydney, NSW, AU  Lyra  Role Seniority - graduate More about the Graduate Forward Deployed Software Engineer role at Lyra Compensation: $83,200 - $165,750 per year What We're Looking For: High proficiency in Full-stack engineering with Nextjs/Typescript and or Python. Based in Australia. Bonus Points: Experience integrating OpenAI, Anthropic, and or Google Gemini APIs Background in an early-stage startup environment. A…",0.0
5538855395,Full Stack AI Software Engineer,Sonder,"The Rocks, Sydney",,,2025-12-12,IT Jobs,"This is a Full Stack AI Software Engineer role with Sonder based in Sydney, NSW, AU  Sonder  Role Seniority - mid level More about the Full Stack AI Software Engineer role at Sonder At Sonder, we believe that every person deserves to feel safe, supported, and empowered to be at their best - wherever they are. That’s why we’re redefining workplace health, safety, and wellbeing through a seamless blend of technology and human expertise. Sonder’s mobile platform provides 24/7, real-time support fr…",0.0
5581722305,Senior Machine Learning Engineer - Australia,Neara,"The Rocks, Sydney",,,2026-01-13,IT Jobs,"This is a Senior Machine Learning Engineer - Australia role with Neara based in Sydney, NSW, AU  Neara  Role Seniority - senior More about the Senior Machine Learning Engineer - Australia role at Neara ABOUT NEARA Imagine preventing wildfires before they start, or ensuring power grids stay resilient during extreme weather. That’s the real-world impact we create every day at Neara. We build 3D physics-enabled digital twins of critical infrastructure networks that help utilities and infrastructur…",0.0
5326089812,Senior Software Engineer | AU (Python),Harrison.ai,"The Rocks, Sydney",,,2025-07-29,IT Jobs,"This is a Senior Software Engineer | AU (Python) role with Harrison.ai based in Sydney, NSW, AU  Harrison.ai  Role Seniority - senior More about the Senior Software Engineer | AU (Python) role at Harrison.ai Why join us?  Do work that matters. We’re pioneering AI software that will help diagnose medical images and raise the standard of healthcare for millions of people every day.  Well-funded and global. Annalise.ai has a global presence across APAC, EU and US regions. We’re powered by Harrison…",0.0
5470568843,Full Stack Software Engineer (Sydney),Workyard,"Surry Hills, Sydney",,,2025-10-30,IT Jobs,"This is a Full Stack Software Engineer (Sydney) role with Workyard based in Surry Hills, NSW, AU  Workyard  Role Seniority - mid level More about the Full Stack Software Engineer (Sydney) role at Workyard Workyard is a fast-growing venture backed startup that is developing an innovative workforce management platform for the construction market. In an industry where $300 billion is spent annually on labor, we are fundamentally changing the experience for companies and workers by adding trust, tr…",0.0
5550445543,Engineer,Iress,"Sydney, Sydney Region",,,2025-12-21,IT Jobs,"See yourself being part of a large, transformational change? This could be the role for you! At Iress, we make things happen We believe technology should help people perform better every day. Since our beginning in 1993, people across financial services have trusted us to take their performance to the next level. More than 10,000 businesses and 500,000 people use our software, from the world’s most iconic financial services brands to advice firms of all sizes, banks, insurers, investment manage…",0.0
5628527108,Engineer,Fire and Rescue NSW,"Sydney, Sydney Region",,,2026-02-14,Engineering Jobs,"Ongoing Engineer Graduate Grade 1/2 Package up to $114,529.09 pa. Package includes salary range ($78,711 pa to $101,039 pa), plus employer's contribution to superannuation and annual leave loading Greenacre - 5 days a week About the role: Assist in the delivery of analysis and advice of engineering design and performance related to fire building safety. About you: Demonstrated ability to assist in the preparation of reports and submissions for review based on a range of analyses, computer-based…",0.0
5628541641,Engineer,Fire and Rescue NSW,"Sydney, Sydney Region",,,2026-02-14,Engineering Jobs,"Ongoing Engineer Grade 3/4 Package up to $171,402.97 pa. Package includes salary range ($124,360 pa to $151,227 pa), plus employer's contribution to superannuation and annual leave loading Greenacre - 5 days a weeks About the role: Support the work and strategic direction of Fire & Rescue NSW through the provision of accurate analysis and advice on all aspects of engineering design and performance related to building fire safety. About you: 1. Demonstrated knowledge of engineering concepts and …",0.0
5624927831,Engineer,Westpac Group,"Sydney, Sydney Region",,,2026-02-12,IT Jobs,"Description Create your best future and join Westpac as an Engineer. What’s the role? Permanent role, Sydney (Hybrid – three days a week in office). You’ll join our UNITE transformation program, helping to reimagine digital platforms and deliver market-leading customer experiences. As a .NET Engineer, you’ll collaborate with cross-functional teams to build high-quality products for the Westpac Digital platform, design REST APIs, and ensure code security and excellence. What do I need? • Experie…",0.0
5601753144,Site Engineer/Project Engineer,ConsultANZ,"Sydney, Sydney Region",90000.0,130000.0,2026-01-27,Engineering Jobs,"ConsultANZ is looking for a skilled Site Engineer/Project Engineer to assist in delivering ongoing road and civil infrastructure upgrades. With 5 years of work remaining under this major infrastructure contract, you'll contribute to high-profile road projects across Sydney. This is a great opportunity to be involved in a long-term program of works, focused on road maintenance , small civil upgrades, asphalt, kerb and gutter, and pavement widening. What’s in It for You? Contract position with st…",110000.0
5637732793,Backend Software Engineer Graduate (Trust and Safety Engineering) - 2027 Start (BS/MS),TikTok,"The Rocks, Sydney",,,2026-02-20,Graduate Jobs,"This is a Backend Software Engineer Graduate (Trust and Safety Engineering) - 2027 Start (BS/MS) role with TikTok based in Sydney, NSW, AU  TikTok  Role Seniority - graduate More about the Backend Software Engineer Graduate (Trust and Safety Engineering) - 2027 Start (BS/MS) role at TikTok The Trust and Safety (TnS) engineering team is responsible for protecting our users from harmful content and abusive behaviours. With the continuous efforts of our trust and safety engineering team, TikTok ca…",0.0
5637561554,Supplier Engineering (Electronics) – Quality & NPI,ResMed,"The Rocks, Sydney",,,2026-02-20,Engineering Jobs,"This is a Supplier Engineering (Electronics) – Quality & NPI role with ResMed based in Sydney, NSW, AU  ResMed  Role Seniority - mid level More about the Supplier Engineering (Electronics) – Quality & NPI role at ResMed Are you passionate about driving supplier performance and ensuring product excellence right from the start? Join ResMed as a Supplier Engineer within our Supplier Engineering Electronics team, where you'll apply your electronics & manufacturing expertise across a variety of comp…",0.0
5637442384,Junior Forward Deployed Software Engineer,Lyra,"The Rocks, Sydney",,,2026-02-20,IT Jobs,"This is a Junior Forward Deployed Software Engineer role with Lyra based in Sydney, NSW, AU  Lyra  Role Seniority - junior More about the Junior Forward Deployed Software Engineer role at Lyra Compensation $83,200 - $104,000 per year What We’re Looking For High proficiency in Full-stack engineering with Nextjs/Typescript and or Python. Based in Australia. Bonus Points Experience integrating OpenAI, Anthropic, and or Google Gemini APIs Background in an early-stage startup environment. About Lyra…",0.0
5637713390,Senior Software Engineer (Backend) - Foundations,SafetyCulture,"The Rocks, Sydney",,,2026-02-20,IT Jobs,"This is a Senior Software Engineer (Backend) - Foundations role with SafetyCulture based in Sydney, NSW, AU  SafetyCulture  Role Seniority - senior More about the Senior Software Engineer (Backend) - Foundations role at SafetyCulture SafetyCulture is a global technology company that is helping to transform workplaces around the world. After witnessing the tragedy of workplace incidents as a private investigator, SafetyCulture Founder Luke Anear recruited a team to help him develop a mobile solu…",0.0
5637657087,"Software Engineer – Indexing & Clustering, Australia",Cisco,"The Rocks, Sydney",,,2026-02-20,IT Jobs,"This is a Software Engineer – Indexing & Clustering, Australia role with Cisco based in Sydney, NSW, AU  Cisco  Role Seniority - intern More about the Software Engineer – Indexing & Clustering, Australia role at Cisco Please note this posting is to advertise potential job opportunities. This exact role may not be open today but could open in the near future. When you apply, a Cisco representative may contact you directly if a relevant position opens. Location: Sydney Internship Duration: 6 mont…",0.0
5637674955,Software Engineer II (Fullstack) - Foundations,SafetyCulture,"The Rocks, Sydney",,,2026-02-20,IT Jobs,"This is a Software Engineer II (Fullstack) - Foundations role with SafetyCulture based in Sydney, NSW, AU  SafetyCulture  Role Seniority - mid level More about the Software Engineer II (Fullstack) - Foundations role at SafetyCulture SafetyCulture is a global technology company that is helping to transform workplaces around the world. After witnessing the tragedy of workplace incidents as a private investigator, SafetyCulture Founder Luke Anear recruited a team to help him develop a mobile solut…",0.0
5639215963,"Senior Hydraulic Engineer, Building Services",WSP in Australia,"The Rocks, Sydney",,,2026-02-21,Engineering Jobs,"This is a Senior Hydraulic Engineer, Building Services role with WSP in Australia based in Sydney, NSW, AU  WSP in Australia  Role Seniority - senior More about the Senior Hydraulic Engineer, Building Services role at WSP in Australia What if you could do the kind of work the world needs? At WSP, you can access our global scale, contribute to landmark projects and connect with the brightest minds in your field to do the best work of your life. You can embrace your curiosity in a culture that ce…",0.0
5637668966,Security Engineer - Application/Product Security,TikTok,"The Rocks, Sydney",,,2026-02-20,IT Jobs,"This is a Security Engineer - Application/Product Security role with TikTok based in Sydney, NSW, AU  TikTok  Role Seniority - mid level, senior More about the Security Engineer - Application/Product Security role at TikTok About the Team The team is missioned to build infrastructures, platforms and technologies, as well as to support cross-functional teams to protect our users, products and infrastructures. In this team you'll have a unique opportunity to have first-hand exposure to the strate…",0.0
5637278216,Senior Application Security Engineer in Sydney,Wisetech Global,"The Rocks, Sydney",,,2026-02-20,IT Jobs,"This is a Senior Application Security Engineer in Sydney role with Wisetech Global based in Sydney, NSW, AU  Wisetech Global  Role Seniority - senior More about the Senior Application Security Engineer in Sydney role at Wisetech Global About the job: WiseTech Global is an Engineer-led company, with a focus on building secure, scalable products for the global logistics industry. It goes without saying that protecting the data of the world’s largest freight forwarders is critical to the function …",0.0
5637243202,"Reliability Maintenance Engineering Planner, RME",Amazon,"Mount Vernon, Penrith Area",,,2026-02-20,Engineering Jobs,"This is a Reliability Maintenance Engineering Planner, RME role with Amazon based in Kemps Creek, NSW, AU  Amazon  Role Seniority - mid level More about the Reliability Maintenance Engineering Planner, RME role at Amazon As an RME Planner in this core part of our large, AU team, you’ll be a leading voice in all conversations surrounding the technologies in our warehouses and delivery networks. Key job responsibilities • Be the site level SME (Subject Matter Expert) on the CMMS (Computerized Mai…",0.0
5639222258,Senior Tech Ops Engineer (AU),DroneShield,"The Rocks, Sydney",,,2026-02-21,IT Jobs,"This is a Senior Tech Ops Engineer (AU) role with DroneShield based in Sydney, NSW, AU  DroneShield  Role Seniority - senior More about the Senior Tech Ops Engineer (AU) role at DroneShield Work with cutting edge AI technology, making the world a safer and more secure place. DroneShield (ASX:DRO) offers an opportunity to solve some of world’s most challenging technical problems in the rapidly growing counter-drone sector. Our customers operate in some of the most challenging and high-stakes env…",0.0
5637278200,"Sr. Network Support Engineer, eero",Amazon,"The Rocks, Sydney",,,2026-02-20,IT Jobs,"This is a Sr. Network Support Engineer, eero role with Amazon based in Sydney, NSW, AU  Amazon  Role Seniority - senior More about the Sr. Network Support Engineer, eero role at Amazon At eero we pride ourselves in providing every customer a world class experience.Our mission is to make technology in homes and businesses just work - through fast, reliable secure connectivity. Fixing connectivity in the home is, however, just the start. We're working on the building blocks of the small business …",0.0
5637233547,Principal Software Engineer - Azure Storage,Microsoft,"The Rocks, Sydney",,,2026-02-20,IT Jobs,"This is a Principal Software Engineer - Azure Storage role with Microsoft based in Sydney, NSW, AU  Microsoft  Role Seniority - senior More about the Principal Software Engineer - Azure Storage role at Microsoft Overview Storage, the core of Microsoft's Azure Cloud, provides 10 exabytes of capacity across 50 regions, 100 data centers, and over 1000 storage clusters. It powers millions of virtual machines, holds millions of hours of video, billions of photos, and vast amounts of analytics data. …",0.0
5640863785,Senior Software Engineer - Azure Storage,Microsoft,"The Rocks, Sydney",,,2026-02-22,IT Jobs,"This is a Senior Software Engineer - Azure Storage role with Microsoft based in Sydney, NSW, AU  Microsoft  Role Seniority - senior More about the Senior Software Engineer - Azure Storage role at Microsoft Overview Are you passionate about distributed systems, massive scalability, and durability? Are you interested in solving the challenges of Cloud-scale Storage? If so, the Microsoft Azure Storage team is the perfect fit for you. Azure Storage is a foundational service in the Azure Cloud which…",0.0
5637620630,Senior Software Engineer (Backend - Scribe),Heidi Health,"The Rocks, Sydney",,,2026-02-20,IT Jobs,"This is a Senior Software Engineer (Backend - Scribe) role with Heidi Health based in Sydney, NSW, AU  Heidi Health  Role Seniority - senior More about the Senior Software Engineer (Backend - Scribe) role at Heidi Health Who are we Heidi is building an AI Care Partner that supports clinicians every step of the way, from documentation to delivery of care. We exist to double healthcare’s capacity while keeping care deeply human. In 18 months, Heidi has returned more than 18 million hours to clini…",0.0
5637233588,Senior Full Stack Microsoft Engineer,Beyond Bank Australia,"The Rocks, Sydney",,,2026-02-20,IT Jobs,"This is a Senior Full Stack Microsoft Engineer role with Beyond Bank Australia based in Sydney, NSW, AU  Beyond Bank Australia  Role Seniority - senior More about the Senior Full Stack Microsoft Engineer role at Beyond Bank Australia Company Description National Multiple Opportunities Full time (75 hours per fortnight) Hybrid work arrangements Be part of Beyond Bank-a bank that is for and with you. We are one of Australia's largest, 100% customer-owned mutual banks with a credit union heritage.…",0.0
5637277925,2026 Australia Software Engineering Internship,The Trade Desk,"The Rocks, Sydney",,,2026-02-20,IT Jobs,"This is a 2026 Australia Software Engineering Internship role with The Trade Desk based in Sydney, NSW, AU  The Trade Desk  Role Seniority - intern More about the 2026 Australia Software Engineering Internship role at The Trade Desk The Trade Desk is a global technology company with a mission to create a better, more open internet for everyone through principled, intelligent advertising. Handling over 1 trillion queries per day, our platform operates at an unprecedented scale. We have also buil…",0.0
5639215946,Senior Frontend Engineer - Editing Performance,Canva,"The Rocks, Sydney",,,2026-02-21,IT Jobs,"This is a Senior Frontend Engineer - Editing Performance role with Canva based in Sydney, NSW, AU  Canva  Role Seniority - senior More about the Senior Frontend Engineer - Editing Performance role at Canva Job Description Join the team redefining how the world experiences design. Hey, g'day, mabuhay, kia ora, 你好, hallo, vítejte! Thanks for stopping by. We know job hunting can be a little time consuming and you're probably keen to find out what's on offer, so we'll get straight to the point. Wha…",0.0
5637671999,"Systems Development Engineer, Region Services",Amazon,"The Rocks, Sydney",,,2026-02-20,IT Jobs,"This is a Systems Development Engineer, Region Services role with Amazon based in Sydney, NSW, AU  Amazon  Role Seniority - mid level More about the Systems Development Engineer, Region Services role at Amazon AWS Utility Computing (UC) provides product innovations — from foundational services such as Amazon’s Simple Storage Service (S3) and Amazon Elastic Compute Cloud (EC2), to consistently released new product innovations that continue to set AWS’s services and features apart in the industry…",0.0
5637281525,Machine Learning Engineer Graduate (Trust and Safety Engineering) - 2027 Start (BS/MS),TikTok,"The Rocks, Sydney",,,2026-02-20,Graduate Jobs,"This is a Machine Learning Engineer Graduate (Trust and Safety Engineering) - 2027 Start (BS/MS) role with TikTok based in Sydney, NSW, AU  TikTok  Role Seniority - graduate More about the Machine Learning Engineer Graduate (Trust and Safety Engineering) - 2027 Start (BS/MS) role at TikTok Team Introduction Building a world where people can safely discover, create and connect. The Trust & Safety (T&S) team at TikTok helps ensure that our global online community is safe and empowered to create a…",0.0
5548151128,"Data Center Engineering Operations Trainee, AWS Data Center Engineering Operations",Amazon,"The Rocks, Sydney",,,2025-12-19,IT Jobs,"This is a Data Center Engineering Operations Trainee, AWS Data Center Engineering Operations role with Amazon based in Sydney, NSW, AU  Amazon  Role Seniority - intern More about the Data Center Engineering Operations Trainee, AWS Data Center Engineering Operations role at Amazon The Data Center Engineering Operations Trainee will be responsible for Data Center Engineering Operations within an Amazon Data Center including risk management and mitigation, corrective and preventative maintenance o…",0.0
5605373834,"Lead Engineer, Engineering Productivity",Neara,"Sydney, Sydney Region",,,2026-01-30,Engineering Jobs,"Imagine having the power to stress-test an entire power grid against a hurricane before the clouds even gather. That is the reality we are creating at Neara. We use advanced machine learning to create engineering-grade, physics enabled digital twins of electricity grids across four continents, this helps asset owners understand their biggest challenges and bring the most viable solutions to life across millions of kilometres of infrastructure. By simulating extreme weather and structural stress…",0.0
5623333092,Engineer / Senior Maritime Engineer,WSP Australia,"The Rocks, Sydney",,,2026-02-11,Engineering Jobs,"What if you could do the kind of work the world needs? At WSP, you can access our global scale, contribute to landmark projects and connect with the brightest minds in your field to do the best work of your life. You can embrace your curiosity in a culture that celebrates new ideas and diverse perspectives. You can experience a world of opportunity and the chance to shape a career as unique as you. WSP in Australia is seeking a passionate and driven maritime engineer to join our dynamic team in…",0.0
5634388694,Full Time Site Supervisor (Building Associate) Required,CLMU Pty Ltd,"Schofields, Blacktown Area",90000.0,110000.0,2026-02-18,Trade & Construction Jobs,"CLMU Pty Ltd Full Time Site Supervisor (Building Associate) Required CLMU Pty Ltd are currently seeking skilled and experienced full-time Site Supervisors to join our busy team. To be successful for this opportunity, ideally you will be reliable and hardworking and hold the following: Qualifications/Work Experience Required : Diploma (preferred, but not mandatory) and/or A minimum of 3 years relevant experience. Responsibilities and Duties of the role will include: Supervising construction site…",100000.0
5584338860,"Principal Engineer, Platform Engineering",ResMed,"Sydney, Sydney Region",,,2026-01-15,IT Jobs,"Global Technology Solutions (GTS) at ResMed is a division dedicated to creating innovative, scalable, and secure platforms and services for patients, providers, and people across ResMed. The primary goal of GTS is to accelerate well-being and growth by transforming the core, enabling patient, people, and partner outcomes, and building future-ready operations. The strategy of GTS focuses on aligning goals and promoting collaboration across all organizational areas. This includes fostering shared…",0.0
5637217485,Senior Security Engineer (Software & Platform),Neara,"The Rocks, Sydney",,,2026-02-20,Engineering Jobs,"This is a Senior Security Engineer (Software & Platform) role with Neara based in Sydney, NSW, AU  Neara  Role Seniority - senior More about the Senior Security Engineer (Software & Platform) role at Neara Imagine having the power to stress-test an entire power grid against a hurricane before the clouds even gather. That is the reality we are creating at Neara. We use advanced machine learning to create engineering-grade, physics enabled digital twins of electricity grids across four continents…",0.0
5640894783,Software Engineer II - Scenarios Validation,Microsoft,"The Rocks, Sydney",,,2026-02-22,IT Jobs,"This is a Software Engineer II - Scenarios Validation role with Microsoft based in Sydney, NSW, AU  Microsoft  Role Seniority - mid level More about the Software Engineer II - Scenarios Validation role at Microsoft Overview Are you passionate about distributed systems, massive scalability, and durability? Are you interested in solving the challenges of Cloud-scale Storage? If so, the Microsoft Azure Storage team is the perfect fit for you. Azure Storage is a foundational service in the Azure Cl…",0.0
5637373520,"Senior Software Engineer, Back-end",Q-CTRL,"The Rocks, Sydney",,,2026-02-20,IT Jobs,"This is a Senior Software Engineer, Back-end role with Q-CTRL based in Sydney, NSW, AU  Q-CTRL  Role Seniority - senior More about the Senior Software Engineer, Back-end role at Q-CTRL About the team At Q-CTRL, Quantum Computing Engineering is a global team of software engineers and infrastructure experts,combining deep technical expertise with a startup mindset to deliver real impact through software innovation. Our work is underpinned by robust standards, and by embracing the three virtues. O…",0.0
5640820541,Operational Technology (C&I) Engineer,EnergyAustralia,"New South Wales, Australia",,,2026-02-22,Engineering Jobs,"This is a Operational Technology (C&I) Engineer role with EnergyAustralia based in NSW, AU  EnergyAustralia  Role Seniority - mid level More about the Operational Technology (C&I) Engineer role at EnergyAustralia Job Description Operational Technology (C&I) Engineer Business Unit: Operations and Projects Sourcing Location: New South Wales About Us Globally, energy markets are in transition to a net zero future and the entities within these markets are transforming their underlying business mode…",0.0
5643122509,"Principal Engineer, Digital Solutions Designer",ASX,"The Rocks, Sydney",,,2026-02-24,IT Jobs,"This is a Principal Engineer, Digital Solutions Designer role with ASX based in Sydney, NSW, AU  ASX  Role Seniority - senior More about the Principal Engineer, Digital Solutions Designer role at ASX ASX: Powering Australia's financial markets Why join the ASX? When you join ASX, you’re joining a company with a strong purpose – to power a stronger economic future by enabling a fair and dynamic marketplace for all. In your new role, you’ll be part of a leading global securities exchange with a s…",0.0
5637144573,Mid-Level Full Stack Engineer,PropertyMe,"The Rocks, Sydney",,,2026-02-20,IT Jobs,"This is a Mid-Level Full Stack Engineer role with PropertyMe based in Barangaroo, NSW, AU  PropertyMe  Role Seniority - mid level More about the Mid-Level Full Stack Engineer role at PropertyMe Join the National Leader in Cloud-Based Property Management  Our Story PropertyMe is Australia’s 1 property management platform with over 60% market share. PropertyMe is used by more than 35,000 real estate professionals to manage over 1.7 million properties. Your work will impact the day-to-day lives of…",0.0
5639249940,Operational Technology (C&I) Engineer,EnergyAustralia,"Mangerton, Wollongong Area",,,2026-02-21,Engineering Jobs,"This is a Operational Technology (C&I) Engineer role with EnergyAustralia based in Wollongong, NSW, AU  EnergyAustralia  Role Seniority - mid level More about the Operational Technology (C&I) Engineer role at EnergyAustralia About Us Globally, energy markets are in transition to a net zero future and the entities within these markets are transforming their underlying business models to ensure that they stay relevant, sustainable and profitable. As one of Australia’s largest energy providers, we…",0.0
5637305129,Senior Software Engineer (Backend - Collaboration),Heidi Health,"The Rocks, Sydney",,,2026-02-20,IT Jobs,"This is a Senior Software Engineer (Backend - Collaboration) role with Heidi Health based in Sydney, NSW, AU  Heidi Health  Role Seniority - senior More about the Senior Software Engineer (Backend - Collaboration) role at Heidi Health Who are we Heidi is building an AI Care Partner that supports clinicians every step of the way, from documentation to delivery of care. We exist to double healthcare’s capacity while keeping care deeply human. In 18 months, Heidi has returned more than 18 million …",0.0
5637159892,"Database Engineering Manager (Remote, AUS)",CrowdStrike,"The Rocks, Sydney",,,2026-02-20,IT Jobs,"This is a Database Engineering Manager (Remote, AUS) role with CrowdStrike based in Sydney, NSW, AU  CrowdStrike  Role Seniority - mid level More about the Database Engineering Manager (Remote, AUS) role at CrowdStrike As a global leader in cybersecurity, CrowdStrike protects the people, processes and technologies that drive modern organizations. Since 2011, our mission hasn’t changed — we’re here to stop breaches, and we’ve redefined modern security with the world’s most advanced AI-native pla…",0.0
5637758701,Senior Software Engineer (Backend) - People,SafetyCulture,"The Rocks, Sydney",,,2026-02-20,IT Jobs,"This is a Senior Software Engineer (Backend) - People role with SafetyCulture based in Sydney, NSW, AU  SafetyCulture  Role Seniority - senior More about the Senior Software Engineer (Backend) - People role at SafetyCulture Why join us? We’re a global tech company, just not the kind you’re picturing. Sure, we’ve got catered lunches, team events, cool merch, and yes dogs in the office. But that’s not why people join. Our team of nearly a thousand people wakes up every day to make our product and…",0.0
5637159705,Senior Front End Engineer (AU),DroneShield,"The Rocks, Sydney",,,2026-02-20,Engineering Jobs,"This is a Senior Front End Engineer (AU) role with DroneShield based in Sydney, NSW, AU  DroneShield  Role Seniority - senior More about the Senior Front End Engineer (AU) role at DroneShield Work with cutting edge AI technology, making the world a safer and more secure place. DroneShield (ASX:DRO) offers an opportunity to solve some of world’s most challenging technical problems in the rapidly growing counter-drone sector. Our customers operate in some of the most challenging and high-stakes e…",0.0
5637150844,Senior Software Engineer - Corporate IT,Airwallex,"The Rocks, Sydney",,,2026-02-20,Engineering Jobs,"This is a Senior Software Engineer - Corporate IT role with Airwallex based in Sydney, NSW, AU  Airwallex  Role Seniority - senior More about the Senior Software Engineer - Corporate IT role at Airwallex About Airwallex Airwallex is the only unified payments and financial platform for global businesses. Powered by our unique combination of proprietary infrastructure and software, we empower over 150,000 businesses worldwide – including Brex, Rippling, Navan, Qantas, SHEIN and many more – with f…",0.0
5637153372,Senior Software Engineer - RFAI (AU),DroneShield,"The Rocks, Sydney",,,2026-02-20,IT Jobs,"This is a Senior Software Engineer - RFAI (AU) role with DroneShield based in Sydney, NSW, AU  DroneShield  Role Seniority - senior More about the Senior Software Engineer - RFAI (AU) role at DroneShield Work with cutting edge AI technology, making the world a safer and more secure place. DroneShield (ASX:DRO) offers an opportunity to solve some of world’s most challenging technical problems in the rapidly growing counter-drone sector. Our customers operate in some of the most challenging and h…",0.0
5643123702,Senior Software Engineer (AWS and Terraform),Cuscal Limited,"The Rocks, Sydney",,,2026-02-24,IT Jobs,"This is a Senior Software Engineer (AWS and Terraform) role with Cuscal Limited based in Sydney, NSW, AU  Cuscal Limited  Role Seniority - senior More about the Senior Software Engineer (AWS and Terraform) role at Cuscal Limited Company Description Forward with Cuscal At Cuscal, we’re not just shaping the future of payments - we’re pioneering it. From launching Australia’s first ATM to being the first certified NPP PayTo Payer and Initiator in 2022, we’ve spent over 59 years building solutions …",0.0
5637144606,Senior Consultant - Cloud Operations Engineer,Slalom,"The Rocks, Sydney",,,2026-02-20,IT Jobs,"This is a Senior Consultant - Cloud Operations Engineer role with Slalom based in Sydney, NSW, AU  Slalom  Role Seniority - senior More about the Senior Consultant - Cloud Operations Engineer role at Slalom Slalom is a fiercely human business and technology consulting company that leads with outcomes to bring more value, in all ways, always. From strategy through delivery, our agile teams across 52 offices in 12 countries collaborate with clients to bring powerful customer experiences, innovati…",0.0
5637150585,Senior Fullstack Engineer - AI & Analytics,SafetyCulture,"The Rocks, Sydney",,,2026-02-20,IT Jobs,"This is a Senior Fullstack Engineer - AI & Analytics role with SafetyCulture based in Sydney, NSW, AU  SafetyCulture  Role Seniority - senior More about the Senior Fullstack Engineer - AI & Analytics role at SafetyCulture Why join us? We’re a global tech company, just not the kind you’re picturing. Sure, we’ve got catered lunches, team events, cool merch, and yes dogs in the office. But that’s not why people join. Our team of nearly a thousand people wakes up every day to make our product and o…",0.0
5643156491,Principal Full Stack Software Engineer,Commonwealth Bank,"The Rocks, Sydney",,,2026-02-24,IT Jobs,"This is a Principal Full Stack Software Engineer role with Commonwealth Bank based in Sydney, NSW, AU  Commonwealth Bank  Role Seniority - senior More about the Principal Full Stack Software Engineer role at Commonwealth Bank Together we will build tomorrow’s bank today, using world-leading technology and innovation. Enjoy employee banking benefits and over 600 staff deals! Dedicated time each week for study support & professional development. Do work that matters Engineering the future of bank…",0.0
5637246630,Mission Software Engineer - Connected Warfare,Anduril Industries,"The Rocks, Sydney",,,2026-02-20,Engineering Jobs,"This is a Mission Software Engineer - Connected Warfare role with Anduril Industries based in Sydney, NSW, AU  Anduril Industries  Role Seniority - senior More about the Mission Software Engineer - Connected Warfare role at Anduril Industries Anduril Industries is a defense technology company with a mission to transform U.S. and allied military capabilities with advanced technology. By bringing the expertise, technology, and business model of the 21st century’s most innovative companies to the …",0.0
5639201508,Software Engineer- LiveStreaming Player (C++),TikTok,"The Rocks, Sydney",,,2026-02-21,IT Jobs,"This is a Software Engineer- LiveStreaming Player (C++) role with TikTok based in Sydney, NSW, AU  TikTok  Role Seniority - junior, mid level More about the Software Engineer- LiveStreaming Player (C++) role at TikTok Video Arch is one of the world's leading video platforms that provides media storage, delivery, transcoding, and streaming services. We are building the next generation video processing platform and the largest live streaming network, which provides excellent experiences for billi…",0.0
5637348059,Network Engineer (Relocation to Saudi Arabia),aramco,"New South Wales, Australia",,,2026-02-20,IT Jobs,"This is a Network Engineer (Relocation to Saudi Arabia) role with aramco based in NSW, AU  aramco  Role Seniority - mid level, senior More about the Network Engineer (Relocation to Saudi Arabia) role at aramco Aramco energizes the world economy. Aramco occupies a special position in the global energy industry. We are one of the world’s largest producers of hydrocarbon energy and chemicals, with among the lowest Upstream carbon intensities of any major producer. With our significant investment i…",0.0
5637214354,Senior Full Stack Software Engineer,Freelancer.com,"The Rocks, Sydney",,,2026-02-20,IT Jobs,"This is a Senior Full Stack Software Engineer role with Freelancer.com based in Sydney, NSW, AU  Freelancer.com  Role Seniority - senior More about the Senior Full Stack Software Engineer role at Freelancer.com Escrow.com is the world’s largest and most trusted online escrow service. Buyers and sellers rely on us to hold their funds while multi-million-dollar deals are completed. Domain names, vehicles,, even entire businesses… you name it, we help people buy and sell it. Now we're looking for …",0.0
5637214426,Senior Software Engineer - Azure Storage,Microsoft,"The Rocks, Sydney",,,2026-02-20,IT Jobs,"This is a Senior Software Engineer - Azure Storage role with Microsoft based in Sydney, NSW, AU  Microsoft  Role Seniority - senior More about the Senior Software Engineer - Azure Storage role at Microsoft Overview Are you excited about the possibility of working on the largest Cloud Storage service in the world? Azure Storage team is chartered with building, managing and running the Persistent Cloud Storage for Microsoft Azure Cloud. Azure Storage consists of a Storage Platform which currently…",0.0
5637334171,Senior DevOps Engineer - Payments Systems,Reserve Bank of Australia,"The Rocks, Sydney",,,2026-02-20,IT Jobs,"This is a Senior DevOps Engineer - Payments Systems role with Reserve Bank of Australia based in Sydney, NSW, AU  Reserve Bank of Australia  Role Seniority - senior More about the Senior DevOps Engineer - Payments Systems role at Reserve Bank of Australia Hybrid work environment Fulltime/Permanent position Play an important part shaping the future of our iconic Australian institution About the Team This role sits within the Information Technology - System Services - Payment Systems (PS) team. T…",0.0
5543828201,"Technical Support Engineer 2, Premier",Datadog,"The Rocks, Sydney",,,2025-12-16,IT Jobs,"This is a Technical Support Engineer 2, Premier role with Datadog based in Sydney, NSW, AU  Datadog  Role Seniority - mid level More about the Technical Support Engineer 2, Premier role at Datadog We are Datadog's in-house product experts. The Technical Solutions team enables Datadog's worldwide growth by educating potential clients and ensuring that existing customers are happy and successful. Premier Support Engineers (PSEs) are primarily focused on assisting prospects and customers with any …",0.0
5640835236,Software Engineer II - Azure Storage,Microsoft,"The Rocks, Sydney",,,2026-02-22,IT Jobs,"This is a Software Engineer II - Azure Storage role with Microsoft based in Sydney, NSW, AU  Microsoft  Role Seniority - mid level More about the Software Engineer II - Azure Storage role at Microsoft Overview Are you passionate about distributed systems, massive scalability, and durability? Are you interested in solving the challenges of Cloud-scale Storage? If so, the Microsoft Azure Storage team is the perfect fit for you. Azure Storage is a foundational service in the Azure Cloud which powe…",0.0
5637296864,"Vice President, Sales Engineering APJ",CrowdStrike,"The Rocks, Sydney",,,2026-02-20,Sales Jobs,"This is a Vice President, Sales Engineering APJ role with CrowdStrike based in Sydney, NSW, AU  CrowdStrike  Role Seniority - director More about the Vice President, Sales Engineering APJ role at CrowdStrike As a global leader in cybersecurity, CrowdStrike protects the people, processes and technologies that drive modern organizations. Since 2011, our mission hasn’t changed — we’re here to stop breaches, and we’ve redefined modern security with the world’s most advanced AI-native platform. Our …",0.0
5643140852,Technical Support Engineer - Identity Management,Microsoft,"The Rocks, Sydney",,,2026-02-24,IT Jobs,"This is a Technical Support Engineer - Identity Management role with Microsoft based in Sydney, NSW, AU  Microsoft  Role Seniority - mid level, senior More about the Technical Support Engineer - Identity Management role at Microsoft Overview With more than 45,000 employees and partners worldwide, the Customer Experience and Success (CE&S) organization is on a mission to empower customers to accelerate business value through differentiated customer experiences that leverage Microsoft’s products …",0.0
5637754475,"Talent Acquisition Lead, Product & Engineering",SafetyCulture,"The Rocks, Sydney",,,2026-02-20,HR & Recruitment Jobs,"This is a Talent Acquisition Lead, Product & Engineering role with SafetyCulture based in Sydney, NSW, AU  SafetyCulture  Role Seniority - senior More about the Talent Acquisition Lead, Product & Engineering role at SafetyCulture Why join us? We’re a global tech company, just not the kind you’re picturing. Sure, we’ve got catered lunches, team events, cool merch, and yes dogs in the office. But that’s not why people join. Our team of nearly a thousand people wakes up every day to make our produ…",0.0
5637144331,Technical Support Engineer (Azure Synapse),Microsoft,"The Rocks, Sydney",,,2026-02-20,IT Jobs,"This is a Technical Support Engineer (Azure Synapse) role with Microsoft based in Sydney, NSW, AU  Microsoft  Role Seniority - senior More about the Technical Support Engineer (Azure Synapse) role at Microsoft Overview With more than 45,000 employees and partners worldwide, the Customer Experience and Success (CE&S) organization is on a mission to empower customers to accelerate business value through differentiated customer experiences that leverage Microsoft’s products and services, ignited b…",0.0
5637214255,Lead Solution Engineer | Revenue Cloud,Salesforce,"The Rocks, Sydney",,,2026-02-20,IT Jobs,"This is a Lead Solution Engineer | Revenue Cloud role with Salesforce based in Sydney, NSW, AU  Salesforce  Role Seniority - senior More about the Lead Solution Engineer | Revenue Cloud role at Salesforce To get the best candidate experience, please consider applying for a maximum of 3 roles within 12 months to ensure you are not duplicating efforts. Job Category Sales Job Details About Salesforce Salesforce is the 1 AI CRM, where humans with agents drive customer success together. Here, ambiti…",0.0
5625745235,QA Engineer - Technology - remote across ANZ,Canva,"The Rocks, Sydney",,,2026-02-12,IT Jobs,"This is a QA Engineer - Technology - remote across ANZ role with Canva based in Sydney, NSW, AU  Canva  Role Seniority - mid level, senior More about the QA Engineer - Technology - remote across ANZ role at Canva Job Description Join the team redefining how the world experiences design. Hey, g'day, mabuhay, kia ora, 你好, hallo, vítejte! Thanks for stopping by. We know job hunting can be a little time consuming and you're probably keen to find out what's on offer, so we'll get straight to the poi…",0.0
5637174688,"Software Engineer Intern, 2026 Summer Australia",Atlassian,"The Rocks, Sydney",,,2026-02-20,IT Jobs,"This is a Software Engineer Intern, 2026 Summer Australia role with Atlassian based in Barangaroo, NSW, AU  Atlassian  Role Seniority - intern More about the Software Engineer Intern, 2026 Summer Australia role at Atlassian Working at Atlassian Atlassians can choose where they work – whether in an office, from home, or a combination of the two. That way, Atlassians have more control over supporting their family, personal goals, and other priorities. We can hire people in any country where we ha…",0.0
5428650604,Senior Backend Engineer - (Java) - Teams & Education,Canva,"The Rocks, Sydney",,,2025-10-03,IT Jobs,"This is a Senior Backend Engineer - (Java) - Teams & Education role with Canva based in Sydney, NSW, AU  Canva  Role Seniority - senior More about the Senior Backend Engineer - (Java) - Teams & Education role at Canva Additional Information Join the team redefining how the world experiences design. Hey, g'day, mabuhay, kia ora, 你好, hallo, vítejte! Thanks for stopping by. We know job hunting can be a little time-consuming and you're probably keen to find out what's on offer, so we'll get straigh…",0.0
5640854437,Principal Software Engineer - Azure Storage team,Microsoft,"The Rocks, Sydney",,,2026-02-22,IT Jobs,"This is a Principal Software Engineer - Azure Storage team role with Microsoft based in Sydney, NSW, AU  Microsoft  Role Seniority - senior More about the Principal Software Engineer - Azure Storage team role at Microsoft Overview Are you passionate about distributed systems, massive scalability, and durability? Are you interested in solving the challenges of Cloud-scale Storage? If so, the Microsoft Azure Storage team is the perfect fit for you. Azure Storage is a foundational service in the A…",0.0
5581696456,"Facilities Operations Centre (FOC) Engineer, AWS",Amazon,"The Rocks, Sydney",,,2026-01-13,IT Jobs,"This is a Facilities Operations Centre (FOC) Engineer, AWS role with Amazon based in Sydney, NSW, AU  Amazon  Role Seniority - mid level More about the Facilities Operations Centre (FOC) Engineer, AWS role at Amazon AWS Infrastructure Services owns the design, planning, delivery, and operation of all AWS global infrastructure. In other words, we’re the people who keep the cloud running. We support all AWS data centres and all of the servers, storage, networking, power, and cooling equipment tha…",0.0
5624460929,Test and Evaluation Engineer - Test Engineer,Aris Zinc Group,"New South Wales, Australia",1000.0,1000.0,2026-02-12,IT Jobs,"Location - Williamtown NSW 2318, Australia Australian Citizens with TSPV Clearance Length of Contract - 3 months Closing Date - 25th February 2026 Key Responsibilities: Lead T&E planning, execution, and governance across the system life cycle, exercising Delegated Technical Authority to ensure technical integrity. Develop and maintain high‑quality engineering documentation aligned with Defence legislation, policy, and standards. Provide expert T&E advice to guide capability decisions, risk post…",1000.0
5632032494,Head of Engineering/Engineering Lead - Shopify,TheDriveGroup,"Sydney, Sydney Region",160000.0,200000.0,2026-02-17,IT Jobs,"Head of Tech/Engineering Lead (Shopify) | Hands-On | High-Growth Brand We’re partnering with a fast-growing consumer brand looking for a Head of Tech / Engineering Lead to take ownership of their Shopify ecosystem and technical roadmap. This is a hands-on role, ideal for someone who still loves being in the code but is ready to collaborate on strategy, architecture, and scale. You’ll lead all things engineering across Shopify, eCommerce, and integrations. Working closely with founders and growt…",180000.0
5620598821,Senior DevOps Engineer and DevOps Engineer,Pathway Search,"Sydney, Sydney Region",1000.0,1000.0,2026-02-09,IT Jobs,"Senior DevOps Engineer - Azure As a Senior DevOps Engineer, you'll be a technical leader shaping how software is built, secured, and deployed across teams. Modern CI/CD: Architect, implement, and evolve end-to-end CI/CD pipelines using Azure DevOps Artifact Governance: Define and enforce Artifactory best practices, including caching strategies, immutable promotion, and repository cleanup Shift-Left Security: Embed code quality checks (SonarQube) and security gates (SCA) directly into CI/CD work…",1000.0
5618169519,IAM Engineer - Senior IAM Engineer,Hudson,"Sydney, Sydney Region",135000.0,170000.0,2026-02-07,IT Jobs,"Hudson is proud to partner with an established IAM consultancy that has a dynamic nature and a host of exciting projects in the pipeline. You will play a key role in the delivery of these projects as a technical SME within the identity space. Further developing your skills in areas you excel in, while having the support around you to grow the breadth of your skills across the IAM domain and master the space. Responsibilities Work with the business to learn more about their business and IAM requ…",152500.0
5615169069,Certification Engineer,KBR,"Sydney, Sydney Region",,,2026-02-05,Engineering Jobs,"Title: Certification Engineer At KBR - We do things that matter. We deliver science, technology and engineering solutions to governments and companies around the world. KBR employs approximately 38,000 people worldwide with customers in more than 80 countries and operations in over 29 countries. KBR is proud to work with its customers across the globe to provide technology, value-added services, and long-term operations and maintenance services to ensure consistent delivery with predictable res…",0.0
5627201216,Engineering Coordinator,Marriott,"Sydney, Sydney Region",,,2026-02-13,Hospitality & Catering Jobs,"Additional Information Job Number 26016823 Job Category Administrative Location Sydney Harbour Marriott Hotel at Circular Quay, 30 Pitt Street, Sydney, New South Wales, Australia, 2000 VIEW ON MAP (https://www.google.com/maps?q=Sydney%20Harbour%20Marriott%20Hotel%20at%20Circular%20Quay%2C%2030%20Pitt%20Street%2C%20Sydney%2C%20New%20South%20Wales%2C%20Australia%2C%202000) Schedule Full Time Located Remotely? N Position Type Non-Management POSITION SUMMARY Coordinate with other departments using …",0.0
5612519337,ML Engineer,Talenza,"Sydney, Sydney Region",140000.0,150000.0,2026-02-04,IT Jobs,"Job Opportunity: Machine Learning Engineer - Financial Services (Sydney) Salary: $150,000  Super Location: Sydney CBD (Hybrid) ☁️ Tech Focus: Azure | Python | SQL | AI Enablement A leading Financial Services institution is embarking on a major wave of AI-driven initiatives , and we're looking for a talented Machine Learning Engineer to join the team. In this role, you'll help design, build, and deploy machine learning solutions on Azure, supporting enterprise-wide AI rollout programs. You'll wo…",145000.0
5632399714,Analytics Engineer,Talenza,"Sydney, Sydney Region",120000.0,130000.0,2026-02-17,IT Jobs,"Analytics Engineer Sydney NSW $120,000 - $130,000  Super Full-time | Hybrid About the Role We're looking for an Analytics Engineer to join our growing data team in Sydney. This role sits at the intersection of data engineering and advanced analytics, enabling high-quality marketing and customer insights across digital and social channels. You'll design and build analytics-ready datasets, support experimentation and modelling use cases, and partner with marketing and product teams to drive data-…",125000.0
5641799948,Optronics Engineer,Kinexus,"Sydney, Sydney Region",180000.0,200000.0,2026-02-23,Engineering Jobs,"We are seeking an experienced Optronics Engineer to be based in Sydney, NSW. The successful candidate will play a key role in the design and development of next-generation electro-optical systems . This is a senior, hands-on engineering position where you will lead system architecture definition, evaluate technology options, and drive the delivery of high-performance optronic solutions. The successful candidate will work across optics, image sensors, processing electronics, stabilisation mechan…",190000.0
5633806772,Systems Engineer,Ambition Group,"Sydney, Sydney Region",,,2026-02-18,IT Jobs,"Systems Engineer Sydney - Permanent position Join a nationally recognised organisation who are a dominant force in their industry, where you'll play a key role in maintaining and evolving core infrastructure while contributing to upcoming security initiatives. This is a hands-on Systems Engineer position offering genuine autonomy, exposure to projects and new initiatives, and the opportunity to strengthen your security capability in a business that has a clear strategy. You'll work closely with…",0.0
5632399320,Project Engineer,Marble Group,"Byron Bay, Byron Area",130000.0,150000.0,2026-02-17,Engineering Jobs,"The Opportunity - Project Engineer Join an established civil contractor delivering infrastructure projects across New South Wales. There experience includes transport infrastructure, structural works, and associated civil construction. We are currently seeking an experienced Project Engineer to join our team on an upcoming bridge and roadworks project scheduled to commence in early 2026. Key Responsibilities Assist in the planning, coordination, and delivery of construction activities Review te…",140000.0
5632398937,Network Engineer,Aurec,"Sydney, Sydney Region",,,2026-02-17,IT Jobs,"NETWORK ENGINEER - Service Provider (ASR9K, IPv6, Segment Routing) Join a globally recognised engineering team delivering and evolving large-scale Service Provider IP/MPLS networks across national and international backbone infrastructure. This role is ideal for engineers with hands-on experience designing, deploying, and supporting carrier-grade networks using Cisco Service Provider platforms. It's a contract role that will initially run for 12 months which is likely to be extended for years t…",0.0
5623421872,WINTEL Engineer,Cleared ICT,"Sydney, Sydney Region",140000.0,170000.0,2026-02-11,IT Jobs,"Wintel Engineer - Sydney - Permanent - NV1 - NV2 Cleared is partnering with a leading consulting company that delivers Technology, ICT, and Digital Solutions across Defence, Government, and Industry. We're growing and looking for people who share our values, care about what they do, and want to make a genuine impact. People who value teamwork, take pride in their work, and thrive in purpose-driven environments. About the Role As a Technology Specialist - WINTEL Engineer , you will play a key ro…",155000.0
5635345824,Network Engineer,Talenza,"Sydney, Sydney Region",130000.0,135000.0,2026-02-19,IT Jobs,"Network Engineer - Juniper - Permanent - Hybrid - $135K Base About the company Large Healthcare company Juniper focussed Hybrid working from Sydney About the role An established healthcare company in Sydney are looking to recruit a network engineer on a permanent basis to join their team. The role would suit someone with solid skills within Juniper, particularly Juniper SRX Firewalls. Responsibilities: Implementation and management of network infrastructure like routers, switches, SD-WAN, Firew…",132500.0
5643017632,AI Engineer,Mane Consulting,"Sydney, Sydney Region",140000.0,170000.0,2026-02-24,IT Jobs,"Unlock your potential with a prestigious opportunity alongside an award-winning, data-driven industry leader! A highly motivated AI Engineer is required to transform data into actionable insights. Our team is passionate about harnessing the power of artificial intelligence to drive business growth and create meaningful impact across various sectors. Rocking the latest tools you will be responsible for designing, developing, and deploying AI-driven solutions to enhance our data analytics capabil…",155000.0
5623421877,Platform Engineer,Cleared ICT,"Sydney, Sydney Region",140000.0,170000.0,2026-02-11,IT Jobs,"Technology Specialist - Platform Engineer Location: Sydney CBD Employment Type: Full-time Security Clearance: NV1 (Australian citizen required) About the Role Cleared is partnering with a leading technology solutions provider supporting Defence and government projects. This is a critical role for a Technology Specialist - Platform Engineer , responsible for designing, deploying, and maintaining ICT infrastructure that underpins key Defence capabilities. You will serve as a technical interface f…",155000.0
5610904090,Systems Engineer,Kinexus,"Sydney, Sydney Region",,,2026-02-03,IT Jobs,"Systems Engineer - Data Centre Design 6-Month Contract | Sydney (Interstate Candidates Considered) NV1 Clearance & ITAR Compliance Required A global organisation operating within a highly regulated Defence environment is seeking an experienced Systems Engineer to support the assessment, design and implementation of a data centre capability supporting mission and enterprise systems. This role will suit a Systems Engineer with a strong ICT infrastructure background, comfortable working across req…",0.0
5609702230,Engineering Surveyor,Planned Resources,"Wollongong Area, Illawarra",125000.0,125000.0,2026-02-02,Trade & Construction Jobs,"Engineering Surveyor $110,000-$125,000  Vehicle / Paid OT Wollongong - Surrounding Areas Infrastructure Projects Planned Resources is searching for an experienced surveyor to join our client, a well-established consulting firm with a strong presence in regional NSW. As an Experienced Surveyor at our client's firm, you'll be a key member of our dynamic team, bringing your expertise and insights to bear on a diverse range of engineering survey projects. With at least 5 years of experience in engi…",125000.0
5631368283,Director of Engineering,Freelancer.com,"The Rocks, Sydney",180000.0,220000.0,2026-02-16,Engineering Jobs,"Shape the Future of How the World Works Imagine leading engineering teams that power platforms serving 80 million users globally. Picture yourself architecting systems that have transformed how business gets done, from the world's largest freelancing marketplace to a payment ecosystem securing over US$7 billion in transactions. This is your chance to join Freelancer (ASX: FLN) and lead engineering for category-defining platforms: Freelancer: Thirteen-time Webby Award winner and the heartbeat of…",200000.0
5613192628,Remedial Engineer,IBR Group,"Sydney, Sydney Region",70000.0,120000.0,2026-02-04,Trade & Construction Jobs,"Junior - Mid Level Engineer – Remedial Building & Façade Class 2 Residential & Mixed-Use Buildings | Sydney Get hands-on with real building issues — from investigation through to remediation delivery. We’re recruiting on behalf of a growing specialist consultancy focused on remedial building, façade and defect engineering . This is an excellent opportunity for a Engineer to build on practical, site-based experience while working closely with senior engineers on complex Class 2 buildings across …",95000.0
5602692336,Project Engineer,Astrum Recruitment,"Sydney, Sydney Region",75000.0,90000.0,2026-01-28,Trade & Construction Jobs,"Project Engineer - Fire Systems $75,000 to $90,000 plus super You have done the graduate years. You can read drawings, survive site meetings, and know that projects are rarely as neat as the programme says. Now you want more ownership, better exposure, and a company that is actually going places. This rapidly growing fire engineering and construction business is outperforming the market, winning work off Tier 1 fire companies, and scaling fast. They are looking for Project Engineers who want re…",82500.0
5605906004,Project Engineer,Category 5 Labour Management,"Sydney, Sydney Region",249600.0,291200.0,2026-01-30,Engineering Jobs,"Project Engineer Roster: Casual 12-month tenure working 8-10hour days, potential for some weekend work Location: Working across 3x Major Projects in Erskine Park & Rutherford About the Role Our client is seeking an experienced Project Engineer to act as the Owner’s Engineer on wastewater treatment plant (WWTP) upgrades and Dangerous Goods handling projects across Sydney. You will provide technical leadership, engineering assurance, and owner-side oversight throughout the project lifecycle—from …",270400.0
5638896404,Civil Engineer,Core Talent,"North Sydney, North Sydney Area",124800.0,124800.0,2026-02-21,Engineering Jobs,"Role Overview The Civil & Structural Engineer will provide engineering support to the Engineering Team, delivering civil and structural design solutions primarily for substations, transmission lines and renewable energy projects. The role is responsible for the design and construction support of footings, structures, buildings and associated civil works, ensuring compliance with required specifications, standards and statutory regulations. Key Responsibilities Deliver professional civil and str…",124800.0
5604445854,Structural Engineer,Talent Web,"Sydney, Sydney Region",120000.0,120000.0,2026-01-29,Engineering Jobs,"Talentweb is looking to speak with Structural Engineers in regard to an opportunity with a well-established, employee-owned engineering consultancy in Sydney. This is an excellent opportunity to work on a diverse portfolio of infrastructure, industrial, and public sector projects while developing your technical capability in a supportive, collaborative environment. The Opportunity Ability to work across Transport and infrastructure projects (roads, bridges, transport assets) Construction engine…",120000.0
5619211939,Civil Engineer,Building Talent Recruitment,"Sydney, Sydney Region",80000.0,110000.0,2026-02-08,Engineering Jobs,"The Company This large mid-tier multidisciplinary engineering design consultancy has offices across Australia resulting in a highly collaborative approach Work for a consultancy that offers exciting, diverse projects that make the news, from large-scale urban developments to major civil, stormwater and infrastructure projects They are proud of their cultural diversity and value employees and individuals resulting in low staff turnover and proper career progression Flexible work policy that incl…",95000.0
5621533356,Structural Engineering,The Constructive Collective,"Sydney, Sydney Region",100000.0,150000.0,2026-02-10,Engineering Jobs,Seeking a move to Sydney? We have several Structural Engineering roles on in Sydney and would consider applicants with good local experience in New Zealand. What we're looking for Structural Engineers with a 5-15 years of experience Roles for mid-level to associate structural engineers Experience working on a range of large scale commercial or residential projects - residential mid-rise & high-rise experience is highly desirable Strong technical ability across concrete & steel Proficient with s…,125000.0
5633748041,Software Engineer,Socoro Pty Ltd,"North Sydney, North Sydney Area",90000.0,105000.0,2026-02-18,IT Jobs,"Software Engineer Location: North Sydney, NSW Employment Type: Full-time (Onsite) About the Role Socoro Pty Ltd are seeking a capable Software Engineer to contribute to the design, development and maintenance of software applications in a collaborative engineering environment. The role involves taking ownership of assigned development tasks, contributing to production-ready solutions and working closely with senior engineers and cross-functional teams. Key Responsibilities Design, develop, test…",97500.0
5613192840,Engineering Lead,luvo,"Sydney, Sydney Region",240000.0,240000.0,2026-02-04,IT Jobs,"We’re looking for an hands on Engineering Lead to join a high-growth software product company transforming cancer care through intelligent, clinician-focused technology. You’ll lead a talented engineering team while staying hands-on across a modern stack (React, Python/Django, AWS), helping scale both the platform and engineering practices. This role suits someone who enjoys fast-paced environments, values strong engineering culture, and wants to make a real impact on products that improve pati…",240000.0
5634665902,Structural Engineer,Building Talent Recruitment,"Newcastle Area, Newcastle Region",100000.0,150000.0,2026-02-19,Engineering Jobs,"The Company Long-standing mid-tier engineering design consultancy, with over 100 years of combined engineering experience behind them. Unprecedented success in the Sydney and Newcastle markets. Investing heavily into their expanding Structural Engineering team and looking to add some key members to their existing structural team of 6 in the Newcastle office. This company has an outstanding reputation and a strong pipeline of work, across multiple sectors including public, commercial, educationa…",125000.0
5613192594,Project Engineer,CGC Recruitment,"Sydney, Sydney Region",,,2026-02-04,Trade & Construction Jobs,"Project Engineer – Contract (8 Weeks) | FIFO from Sydney ASAP Start | Large Industrial Project | Top Tier Builder A top tier construction company is seeking an experienced Project Engineer to join their team on a large-scale industrial project . This is an 8-week contract role with an immediate start , flying FIFO from Sydney . This is a great opportunity for a Project Engineer who can hit the ground running and provide short-term support on a complex, fast-paced build. The Role Reporting to th…",0.0
5639915379,Structural Engineer,Building Talent Recruitment,"Rushcutters Bay, Sydney",80000.0,110000.0,2026-02-22,Engineering Jobs,"The Company This national engineering design consultancy is a leader in delivering innovative and high-quality structural designs across Australia’s major cities. They foster a flat, collaborative culture , where engineers are empowered to: Build and maintain strong client relationships Manage projects with autonomy Enjoy long-term career rewards and progression opportunities The Sydney office is in an exciting growth phase, driven by repeat business, new projects, and the stellar reputation of…",95000.0
5632031952,Remedial Engineer,The Constructive Collective,"Sydney, Sydney Region",100000.0,140000.0,2026-02-17,Engineering Jobs,"About You Engineering degree (Civil, Structural, or similar). Experience in remedial engineering, defect investigation, building diagnostics, or construction. Comfortable preparing reports, scopes, and recommendations. Confident speaking with clients, contractors, and strata managers. Curious, practical thinker with a focus on solutions, not complications. Drivers licence required for site inspections. What You’ll Be Doing Visit sites to understand and diagnose structural and building issues. P…",120000.0
5635849430,Engineering Technologist,Sourcify,"Asquith, Hornsby Area",76000.0,86000.0,2026-02-19,Engineering Jobs,"POSITION : Engineering Technologist NUMBER OF POSITION : 1. EMPLOYER : J A SEVERN PTY LTD. TYPE : Full-time. LOCATION : Hornsby Heights , NSW. SALARY : $76,000 – $86,000 Plus Super Our Client, J A Severn Pty Ltd (Clarke & Severn Electronic Solutions) is a trusted provider of electronic components, connectors, and RF/microwave products. With access to some of the world’s leading manufacturers, CSE Solutions delivers complete solutions and expert technical guidance. Their team of qualified and ex…",81000.0
5613192630,Remedial Engineer,IBR Group,"Sydney, Sydney Region",70000.0,120000.0,2026-02-04,Engineering Jobs,"Remedial /Structural - Façade / Forensic Engineer Location: Western Sydney, NSW Type: Full-time Salary: Competitive, commensurate with experience The Opportunity Our client is a fast growing, well regarded, and focused remedial and forensic engineering consultancy with a growing presence across Sydney and regional NSW. They deliver high-quality building diagnostic and remedial solutions, supporting a diverse client base of law firms, property owners, and strata managers. This is an outstanding …",95000.0
5642555486,Hydraulic Engineer,CGC Recruitment,"Sydney, Sydney Region",90000.0,120000.0,2026-02-24,Engineering Jobs,"Position: Hydraulic Engineer Location: Sydney, NSW Experience Required: 3-5 Years Company: High-Performing Building Services Consultancy About the Company: Our client is a leading Building Services Consultancy that have established a strong reputation for delivering exceptional engineering solutions across a wide range of sectors including commercial, residential, healthcare and education. The company prides itself on its collaborative culture and client-centric focus, ensuring that each projec…",105000.0
5627477367,Data Engineer,ClickView,"Pyrmont, Sydney",,,2026-02-13,IT Jobs,"Australia’s leading educational video platform as we scale globally Join a high-performing, passionate and motivated engineering team with a culture of best practice Permanent role, full-time, working hybrid - 2 days in our Sydney office  work from home Why Join Us? Do you want to make a positive impact on the education of future generations? If the answer’s yes, then we want you here at ClickView. We believe in using the power of video to transform traditional education, making video learning …",0.0
5642555466,Site Engineer,CGC Recruitment,"Sydney, Sydney Region",,,2026-02-24,Trade & Construction Jobs,"Site Engineer (Contract – 2 Months)  North Sydney  Industrial Construction Project  Immediate Start Preferred We are seeking an experienced Site Engineer for a 2-month contract on a fast-paced industrial construction project based in North Sydney. This is an excellent opportunity to join a well-established project team and contribute to the successful delivery of a technically challenging build. The Role Reporting to the Project Manager, you will play a key role in coordinating site activities,…",0.0
5629718503,Site Engineer,ConsultANZ,"Sydney, Sydney Region",90000.0,110000.0,2026-02-15,Engineering Jobs,"Company: ConsultANZ is looking for a Site Engineer role in Sydney. The project is a roading project in Sydney. Main Duties: Assist with project planning, scheduling, and coordination of site activities Prepare and manage ITPs, QA documentation, and site records Liaise with subcontractors, suppliers, and consultants Monitor construction progress and ensure compliance with drawings and specifications Conduct site inspections and quality checks Manage RFIs, variations, and procurement of materials…",100000.0
5642555462,Stormwater Engineer,CGC Recruitment,"Sydney, Sydney Region",80000.0,120000.0,2026-02-24,Engineering Jobs,"A Civil Engineer is required to join an expanding engineering consultancy in Sydney's west. The ambition and growth plans of this consultancy are exciting and its the ideal time to be involved. Technically you will be engaged on civil works associated with buildings including stormwater, flood studies, OSD etc. The following are required to be considered for the role; A Civil Engineering Degree 2 years experience working in a design consultancy Proficient in the civil design packages relevant f…",100000.0
5633225793,Project Engineer,The Constructive Collective,"Sydney, Sydney Region",130000.0,150000.0,2026-02-18,Engineering Jobs,"What’s In It For You Exposure to high-profile NSW infrastructure projects. Clear career progression to senior Project Engineer roles. Stable, long-term role with a growing civil construction client. Supportive site culture and mentoring. Competitive salary and benefits. About You Civil Engineering or related tertiary qualification. 3 years in civil construction, structural, or transport projects. Experience with QA/ITPS systems and site management. Proven ability to work across multiple trades,…",140000.0
5629724004,Structural Engineer,Cookson and Roberts,"Sydney, Sydney Region",,,2026-02-15,Trade & Construction Jobs,"A Mid-Level Structural Design Engineer is required for an exciting opportunity with a multi-disciplinary consultancy in their new offices based in the heart of Sydney's CBD. The position This is an exciting opportunity for a Structural Engineer to progress their career within a Structurally specialist Australian consultancy, gaining experience working on a range of public and private projects including prestigious landmark buildings. This is an exciting time to join a firmly established and gro…",0.0
5621546706,Project Engineer,Wilder Fox,"Sydney, Sydney Region",145000.0,165000.0,2026-02-10,Engineering Jobs,"Wilder Fox is proudly representing a unique opportunity for a Project Engineer to join a leading and highly reputable builder specialising in key account rollouts for private and public sector clients. With a strong commitment to excellence, innovation, and client satisfaction, they have established themselves as a dynamic business, delivering exceptional results on projects exceeding $30m. Job Description: We are seeking an experienced and dedicated Project Engineer to join their dynamic team.…",155000.0
5605926711,Data Engineer,Luxury Escapes,"Sydney, Sydney Region",,,2026-01-30,IT Jobs,"Job Description About the job Luxury Escapes is one of the world’s fastest growing travel websites, with more than 8 million members, recently winning the National Travel Industry Award for Most Outstanding Online Travel Agency! We are growing rapidly, and seeking a Data Engineer to join our team due to growth! We're at the forefront of innovation, utilising advanced, open-source technologies like Snowplow and DBT to drive our data infrastructure. You'll have the unique opportunity to work with…",0.0
5602692343,Mechanical Engineer,Astrum Recruitment,"Sydney, Sydney Region",140000.0,160000.0,2026-01-28,Engineering Jobs,"HVAC Design Engineer Multiple Roles - NSW / WA / QLD Relocation Support Provided Are you a degree-qualified Mechanical Design Engineer with 3 years of experience, ideally gained within a services contractor environment (or at least expeirence within Commercial Construction)? We are seeking a talented and driven individual to join this dynamic team. Their pipeline is locked and loaded well into 2028, so you’ll be stepping into a business with stability, ambition, and serious momentum. You will b…",150000.0
5630912068,Remedial Engineer,Building Talent Recruitment,"Sydney, Sydney Region",100000.0,120000.0,2026-02-16,Engineering Jobs,"The Company Specialist remedial, facade and structural consultancy Offices in multiple states Pride themselves on continuous professional development of all staff in a collaborative and knowledge sharing environment They work with great high-clients, have long-term contracts with them and so job security is guaranteed Exponential growth and progression opportunities for all staff The Role Autonomy to perform your role to the bets of your abilities Support offered as you need Use your existing s…",110000.0
5617487131,Remedial Engineer,Building Talent Recruitment,"Sydney, Sydney Region",65000.0,90000.0,2026-02-07,Trade & Construction Jobs,"The Company Specialist remedial consultancy Work along side a team with an exceptional reputation in the market They have long standing relationships with great clients, have long-term contracts with them and so job security is guaranteed Exponential growth and progression opportunities for all staff The Role Autonomy to perform your role to the bets of your abilities Support offered as you need Use your existing skills and expand into different buildings and areas of remedial engineering The R…",77500.0
5629718492,Project Engineer,ConsultANZ,"Sydney, Sydney Region",120000.0,140000.0,2026-02-15,Engineering Jobs,"Company: ConsultANZ is looking for a Project Engineer role in Sydney. The project is a roading project in Sydney. Main Duties: Manage and coordinate day-to-day engineering activities on site Oversee earthworks, pavements, drainage, utilities, and asphalt works Prepare and review ITPs, SWMS, and QA documentation Monitor construction progress and ensure compliance with drawings and specifications Manage subcontractors, procurement, and site resources Prepare cost tracking, forecasting, and variat…",130000.0
5636254025,Electrical Engineer,Austcorp Executive,"Cronulla, Sutherland Area",110000.0,130000.0,2026-02-20,Engineering Jobs,"The Company is a mid-size building engineering consultancy providing building services and engineering consulting across electrical, mechanical, hydraulics and structural professions. The Electrical Engineer will join a collaborative Electrical team with established clients and projects. The Benefits: Permanent full time role Salary range circa $110k - $130k  Super (based on experience) Paid memberships and certification renewals Autonomous role with managerial support provided Development prog…",120000.0
5639917097,Hydraulic Engineer,Genius Recruitment Group,"Sydney, Sydney Region",200000.0,200000.0,2026-02-22,Engineering Jobs,"Our client is a respected Australian building services consultancy experiencing continued growth across Sydney. With a strong pipeline of projects they are now seeking a Senior Hydraulic Engineer who has had exposure to designing fire systems to join their CBD office and play a key role in the delivery of high-quality building services solutions. This is an excellent opportunity for a senior engineer who enjoys hands-on design, technical leadership and client interaction. This opportunity you'l…",200000.0
5613268073,Project Engineer,Wyn&Co,"Ingleburn, Campbelltown Area",120000.0,120000.0,2026-02-04,Trade & Construction Jobs,"We are seeking an experienced Project Engineer with a strong pavement construction background to support both tender pricing and project delivery across a growing pipeline of civil works. This role suits a hands-on PE who has spent a solid part of their career delivering pavement projects end-to-end — from take-offs and methodology through to site delivery, QA, and close-out. The Role You’ll be involved early in tenders and RFQs, then stay across the project through construction to ensure stron…",120000.0
5630912069,Facade Engineer,Building Talent Recruitment,"Sydney, Sydney Region",75000.0,100000.0,2026-02-16,Engineering Jobs,"The Company With nearly 40 years of experience in the facade industry, The founder established the company in 2005, specializing in aluminum and glass curtain walls for commercial buildings. Small intimate team with a strong senior manager in place, they are now looking to expand by adding a couple of talented individuals. The Role Your role will include façade performance design, building envelope design, façade remediation, and structural analysis. You'll produce technical reports, assess des…",87500.0
5610482121,Security Engineer,Lendi Group,"Sydney, Sydney Region",,,2026-02-03,IT Jobs,"Job Description Working closely with the Cyber Security team to ensure security principles are consistently applied across the engineering environment. Collaborating and coding with engineering teams to uplift secure development practices and reduce recurring security findings. Designing, building, and maintaining secure cloud and microservice solutions. Improving security posture through effective use of COTS products, platform controls, and network infrastructure. Vulnerability and Threat Man…",0.0
5537276084,Data Engineer,Ticketek Entertainment Group,"The Rocks, Sydney",,,2025-12-11,IT Jobs,"About Ticketek Entertainment Group ​ Ticketek Entertainment Group is a global fan experience company that tickets, promotes and delivers live experiences impossible to forget. In a distracted world where nothing beats real human moments, We makes life better live! Our Group includes; our Fan Experience Platform (Ticketek) that sells tickets and provides value added services, Event promoting, with businesses across Sport (TEG Sport), Touring (TEG Touring) and Family Experiences (TEG Experien ces…",0.0
5617487132,Civil Engineer,Building Talent Recruitment,"Wollongong Area, Illawarra",80000.0,140000.0,2026-02-07,Engineering Jobs,"THE COMPANY With over 40 years of engineering excellence and offices across Australia, this forward-thinking multidisciplinary engineering design consultancy have an outstanding reputation in the market. They are employee focused and this fosters a culture of inclusion, dedication and excellence. They have undergone significant growth and this has been built on their employees being at the centre of everything that they do. This growth is continuing and it's an exciting time to be a part of suc…",110000.0
5634665898,Drainage Engineer,Building Talent Recruitment,"Sydney, Sydney Region",110000.0,140000.0,2026-02-19,Engineering Jobs,"The Company A leading, employee-owned engineering design consultancy with a strong reputation across Australia and internationally. Known for delivering multi-disciplinary expertise across diverse sectors, they combine technical excellence with a people-first culture. Why Join The Team? Employee-owned – decisions driven by what’s best for the business and staff, not external shareholders Excellent conditions & benefits – competitive packages and genuine work–life balance Influence & input – eve…",125000.0
5609822700,Project Engineer,The Constructive Collective,"Sydney, Sydney Region",110000.0,130000.0,2026-02-02,Trade & Construction Jobs,What’s In It For You Secure pipeline of Sydney-based infrastructure projects Opportunity to work on technically interesting FRP and utility assets Strong mentoring and support from experienced Project Managers Competitive salary package based on experience Long-term career progression within a growing contractor Really solid team environment About You You are a motivated civil professional who enjoys being hands-on and taking ownership of projects. You will ideally have: A degree in Civil Engin…,120000.0
5617485892,Cyber Engineer,FourQuarters,"Sydney, Sydney Region",200000.0,200000.0,2026-02-07,IT Jobs,"As we transition from a managed service provider to an internal operations model, we require a highly skilled Cyber Engineer to take ownership of our security environment. You will be the technical lead responsible for maintaining the health of our Microsoft Sentinel platform while driving the evolution of our threat detection and hunting capabilities. Core Responsibilities Platform Transition & BAU: Act as the internal subject matter expert to ensure a smooth transition from the Managed Servic…",200000.0
5601520320,Software Engineer,ClickView,"Sydney, Sydney Region",,,2026-01-27,IT Jobs,"Build scalable, high-impact features for Australia’s leading edtech platform Solve complex, meaningful problems that challenge your thinking and grow your skills Collaborate with an exceptional team of talented, passionate engineers who love solving hard problems, and challenging each other Permanent, full-time role, hybrid from our Sydney office (2 days in-office) Why Join Us? Do you want to shape the future of education? At ClickView, we're on a mission to empower teachers and captivate stude…",0.0
5621533346,Project Engineer,The Constructive Collective,"Sydney, Sydney Region",120000.0,140000.0,2026-02-10,Trade & Construction Jobs,"What’s In It For You Exposure to roads, drainage, and infrastructure projects. Practical experience with TfNSW standards. Clear guidance from approachable leadership. Room to grow while working alongside experienced engineers. About You Experience in civil construction or project engineering. Familiarity with TfNSW projects highly regarded. Comfortable with night shifts and flexible scheduling. Proactive, practical, and calm under pressure. Strong communicator with crews, subcontractors, and cl…",130000.0
5604282425,Project Engineer,Gough Recruitment,"Sydney, Sydney Region",170000.0,230000.0,2026-01-29,Trade & Construction Jobs,"High‑Rise Residential / Mixed‑Use Projects Leading Tier-2 Builder | Permanent Role Our client, a leading tier-2 builder with a strong reputation for delivering landmark high‑rise developments, is recruiting two experienced Senior Project Engineers to join projects in Sydney’s Hills District and Northern Sydney. These roles suit ambitious engineers who thrive on technical problem‑solving, design coordination and driving quality outcomes on complex builds. Large‑scale high‑rise or mixed‑use exper…",200000.0
5629724092,Civil Engineer,Building Talent Recruitment,"Sydney, Sydney Region",90000.0,120000.0,2026-02-15,Trade & Construction Jobs,The Company Specialist civil engineering design consultancy have experienced unparalleled success. The three highly regarded and influential Directors started this company with growth in mind but with their employee value proposition being at the forefront of how they were going to achieve this: Inclusion Diversity Career growth and development at all levels Practices in place to avoid burnout that keep you enjoying your role Fantastic team dynamic where success is rewarded and everyone plays t…,105000.0
5626706014,Site Engineer,P3 Recruitment,"Sydney, Sydney Region",,,2026-02-13,Trade & Construction Jobs,"Our client is one of Australia's largest and most active property developers with a large construction arm. They have a reputation for designing and developing market leading and residential and mixed-use projects. With a strong forward pipeline and multiple sites live across the city, they're expanding their delivery team and looking for a Site Engineer who wants to be right in the middle of the action. This is a genuinely hands-on site role where you'll work closely with an experienced Projec…",0.0
5588486313,Project Engineer,Appetency Recruitment Services,"Sydney, Sydney Region",,,2026-01-17,IT Jobs,"Opportunity to work with a leading Managed Services Provider (MSP). Focus on professional growth and exposure to cutting-edge technologies. Opportunity to lead the projects team in the future. About Our Client Our client is a well-established and rapidly growing Managed Services Provider with nearly two decades of experience delivering IT solutions. They serve diverse industries such as healthcare, accounting, manufacturing, and legal. Their focus includes transitioning businesses to cloud-base…",0.0
5624460410,Project Engineer,Richard Crookes Constructions,"Sydney, Sydney Region",190000.0,190000.0,2026-02-12,Engineering Jobs,"At Richard Crookes Constructions , we’ve earned a reputation for delivering high-quality projects with certainty. As our business continues to grow, we’re focused on meeting and exceeding the expectations of our clients and industry stakeholders. We’re committed to building strong, long-term partnerships, and to achieve this, we need the very best construction talent to help us lead major projects. Why Join RCC? Major Project Opportunities: Be part of landmark projects that will shape the futur…",190000.0
5404765412,Cloud Engineer,Zone IT Solutions,"Sydney, Sydney Region",80000.0,180000.0,2025-09-18,IT Jobs,"We are seeking a highly skilled and motivated Cloud Engineer. You will be responsible for designing, implementing, and managing cloud infrastructure for our clients. Requirements Bachelor's degree in Computer Science, Engineering or related field, or equivalent work experience. Minimum 7 years of experience working as a Cloud Engineer or in a similar role. Strong knowledge of cloud platforms such as Amazon Web Services (AWS), Microsoft Azure, or Google Cloud Platform (GCP). Experience with infr…",130000.0
5633230162,DevOps Engineer,AC3,"Sydney, Sydney Region",,,2026-02-18,IT Jobs,"About the Role Join a large commercial organisation in the middle of a major cloud migration, and play a key role in how their platforms are built, deployed and operated. This is a senior DevOps role within the Cloud Platform Services team, focused on uplift, automation and repeatable delivery at scale. You’ll bring strong Azure, DevOps, Infrastructure as Code (IaC) and Kubernetes capability to support the migration program, while helping maintain a secure, protected multi-cloud environment. Wh…",0.0
5588486322,System Engineer,Appetency Recruitment Services,"Sydney, Sydney Region",,,2026-01-17,IT Jobs,"Reactive and proactive mid-senior level support and projects focused role Opportunity to work in good employee oriented caring culture organization Organisation providing venues to learn and grow Our client an established, stable and growing Managed Service Provider business that has been catering to small and medium enterprises mainly in Sydney for over 35 years. The team is expanding in Melbourne and is gearing for growth. The value proposition for this amazing business is to act as a true st…",0.0
5639915382,Structural Engineer,Building Talent Recruitment,"Sydney, Sydney Region",80000.0,110000.0,2026-02-22,Engineering Jobs,"The Company Originally founded in 1965, they have an outstanding reputation in the NSW and ACT markets. This consultancy offers a broad spectrum of engineering services tailored to projects of any scale. This consultancy prioritizes values such as respect, integrity, teamwork, balance, responsibility, and effective communication for client, employee, and community well-being, fostering a great company ethos. The Role Working on marquee projects of a wide range of building types, means that you …",95000.0
5221003148,Shift Engineer,Capella Sydney,"The Rocks, Sydney",,,2025-05-29,Hospitality & Catering Jobs,"About Capella Sydney Capella Sydney is the culmination of a stunning transformation of the heritage-listed Department of Education sandstone building, into a luxury hotel that welcomes guests and patrons alike into the impressive building for the first time in history. Delivering a guest experience unlike any other paired with lavish amenities, magnificent architecture and refined interiors, Capella Sydney will become the ultimate destination hotel for both local and international guests alike,…",0.0
5588486320,L3 Engineer,Appetency Recruitment Services,"Sydney, Sydney Region",90000.0,110000.0,2026-01-17,IT Jobs,"Join a reputable Managed Services Provider (MSP) dedicated to innovation and continuous learning Serve as the top-level escalation point for technical issues within the service desk team. Thrive in a culture driven by service excellence and customer satisfaction. About Our Client Our client is a well-established and rapidly growing Managed Services Provider with nearly two decades of experience delivering IT solutions. They serve diverse industries such as healthcare, accounting, manufacturing,…",100000.0
5636253985,Site Engineer,Richard Crookes Constructions,"Sydney, Sydney Region",150000.0,150000.0,2026-02-20,Trade & Construction Jobs,"At Richard Crookes Constructions (RCC) , we’ve earned a reputation for delivering high-quality projects with certainty. As our business continues to grow, we’re focused on meeting and exceeding the expectations of our clients and industry stakeholders. We’re committed to building strong, long-term partnerships, and to achieve this, we need the very best construction talent to help us lead major projects. Why Join RCC? Diverse Project Opportunities: Be part of landmark and varied projects that w…",150000.0
5478090766,Astrodynamics Engineer,Space Machines Company,"Botany, Botany Bay Area",,,2025-11-03,IT Jobs,"About Us Space Machines Company (SMC) is transforming the future of space operations with a bold mission: to deliver Roadside Assistance in Space. As orbit becomes more congested and contested, we act as the ""first responders"" protecting the satellites that power life on Earth—from communications to navigation. Partnering with both commercial operators and government agencies, we're strengthening space resilience and enabling the growth of a sustainable space economy. We're building this critic…",0.0
5601803286,Electrical Engineer,EVSE,"Sydney, Sydney Region",,,2026-01-27,Engineering Jobs,"Job Description Due to rapid growth and expansion EVSE is looking for Electrical Engineer to step into the business on an on-site full-time role in Silverwater NSW to help us scale and deliver the highest quality products and service to our diverse customer base. you will play a critical role in the design, implementation, and maintenance of our Electric Vehicle charging systems. Pre-Sales Engineering Collaborate with the sales team to provide technical expertise during the pre-sales phase Assi…",0.0
5621533637,Project Engineer,CGC Recruitment,"Eastern Creek, Blacktown Area",150000.0,200000.0,2026-02-10,Trade & Construction Jobs,"About the Builder 100% Australian-owned, national diversified contractor and with a digital-first approach to construction. Proudly partnering with government, private sector and institutional clients, we deliver iconic, high-performance infrastructure that shapes cities, supports national priorities and advances industry standards. With a strong balance sheet, a $7.5bn secured pipeline and an 85% repeat client rate, we combine certainty at scale with innovation on every project. They employ aw…",175000.0
5602929112,Project Engineer,CGC Recruitment,"Sydney, Sydney Region",0.0,170000.0,2026-01-28,Trade & Construction Jobs,"Specialist healthcare construction and fit out contractor delivering high-quality medical environments across Sydney. Their projects include medical centres, specialist suites, dental practices, allied health facilities, and day surgeries. Known for quality delivery, compliance-driven processes, and collaboration with repeat healthcare clients. The Role As Project Engineer, you will support Project Managers in coordinating technical delivery, managing site documentation, and ensuring smooth pro…",85000.0
5608790840,Structural Engineer,Cookson and Roberts,"Sydney, Sydney Region",100000.0,115000.0,2026-02-02,Trade & Construction Jobs,"Our client has over 40 years in the NSW market, they are well established and have a leading reputation for delivering technically excellent work, every time. Testimony to this is a long list of award-winning projects they have been recognised for, both nationally and internationally. Independently owned, our client specialises in architecturally led engineering projects. The Role The successful applicant will join a busy and pasisonate team, working closley with a Senior Engineer supporting th…",107500.0
5634664434,Site Engineer,ConsultANZ,"Wellington, Wellington Area",,,2026-02-19,IT Jobs,"ConsultANZ is seeking a Site Engineer for a major infrastructure project in Wellington. In this hands-on role, you will help deliver a large-scale programme of flood protection upgrades, transport improvements, and urban redevelopment in a rapidly growing city. Key Responsibilities Carry out survey set-out and confirm levels, alignments, and tolerances. Supervise site crews and subcontractors during daily works. Maintain QA records including ITPs, test results, and as-built surveys. Resolve sit…",0.0
5602337556,Solutions Engineer,Vasion,"The Rocks, Sydney",,,2026-01-28,IT Jobs,"Vasion is seeking a talented Solutions Engineer to join our growing team in the APAC region. With our expanding global presence, we are looking for a skilled engineer to support our customers across the Asia-Pacific market. This is primarily a remote position based in Australia, preferably in the Sydney or Melbourne region. Role Purpose Enable customer outcomes and predictable revenue by leading technical discovery, delivering compelling demos, and validating Vasion solutions through time-boxed…",0.0
5384033378,Infrastructure Engineer,Zone IT Solutions,"Sydney, Sydney Region",80000.0,180000.0,2025-09-05,IT Jobs,"We are looking for a talented Infrastructure Engineer to join our team. In this role, you will be responsible for designing, implementing, and maintaining robust and scalable infrastructure solutions for our clients. Requirements Bachelor's degree in Computer Science, Information Technology, or a related field. Minimum of 5 years of experience as an Infrastructure Engineer or in a similar role. Strong knowledge of server and network architecture, including LAN/WAN, firewalls, and VPNs. Experien…",130000.0
5634664433,Project Engineer,ConsultANZ,"Wellington, Wellington Area",,,2026-02-19,Engineering Jobs,"ConsultANZ is seeking a Project Engineer for a major infrastructure project in Wellington. In this role, you will coordinate and manage civil construction activities across a large-scale programme, supporting project delivery, cost control, design integration, and subcontractor performance. Key Responsibilities Develop and monitor project programmes, budgets, and cost forecasts. Review and coordinate design information, RFIs, and technical queries. Manage procurement, subcontractor scopes, and …",0.0
5621546696,Traffic Engineer,Parklife Joint Venture,"Orchard Hills, Penrith Area",150000.0,150000.0,2026-02-10,Engineering Jobs,"About Us: The Parklife Metro consortium, in partnership with the NSW Government, is delivering one of Western Sydney's most transformative infrastructure projects as part of the Sydney Metro - Western Sydney Airport line. Our consortium—featuring Plenary, RATP Dev, Siemens, and Webuild —is delivering this once-in-a-generation project under the Stations, Systems, Trains, Operations and Maintenance (SSTOM) package. This includes six new stations, a stabling and maintenance facility, rail systems,…",150000.0
5631368339,Cloud Engineer,Ticketek Entertainment Group,"The Rocks, Sydney",,,2026-02-16,IT Jobs,"About Ticketek Entertainment Group ​ Ticketek Entertainment Group is a global fan experience Company that tickets, promotes and delivers incredible live experiences that are impossible to forget. In a distracted world where nothing beats real human moments, We make life better live! Our Group includes; our Fan Experience Platform (Ticketek) that sells tickets and provides value added services, Event promoting with businesses across Touring (TEG Touring), Sport (TEG Sport), and Family Experience…",0.0
5638166067,FPGA Engineer,Codematix,"Sydney, Sydney Region",0.0,200000.0,2026-02-21,IT Jobs,"Role based in Sydney CBD Join one of the most technically advanced FPGA teams in Australia, designing cutting-edge systems where you'll be working on high-performance, timing-critical designs. This is a role for engineers who enjoy pushing FPGAs to their limits—where MHz matter, timing margins are tight, and LUTs must be used with precision. The role is based in Sydney CBD and offers a hybrid work arrangement. The role is not with a trading company or a defence company. You must have working ri…",100000.0
5464996180,Service Engineer,Solplanet,"The Rocks, Sydney",,,2025-10-26,Engineering Jobs,"Our belief: At SOLPLANET, we are driven by a simple idea: solar for everybody We strive to create the best possible experience for distributors, installers and end users That´s why our solar inverters, energy storage systems and EV chargers are easy-to-install, reliable and user friendly Who We Are: Private equity-backed AISWEI is a leading provider of renewable energy solutions - providing the world with solar inverters, batteries, EV chargers, heat pumps, and energy management solutions AISWE…",0.0
5597890501,Support Engineer,Appetency Recruitment Services,"Sydney, Sydney Region",70000.0,80000.0,2026-01-24,IT Jobs,"Flexibility & Support: WFH model with a supportive team that ""has your back"" during field visits. Tech-Forward Stack: Gain hands-on experience with Microsoft Copilot (AI), Proxmox virtualization, and high-end Cybersecurity (Crowdstrike/Arctic Wolf). About Our Client Our Client is a Sydney-based IT Managed Service Provider (MSP) known for its tight-knit team culture and long-term staff retention. Managing a diverse and unique client base—including the Greyhound and Harness racing industries—they…",75000.0
5613251583,Project Engineer,CGC Recruitment,"Sydney, Sydney Region",140000.0,140000.0,2026-02-04,Trade & Construction Jobs,"The Company The founders / owners of this privately owned civil business are passionate, astute leaders who have handpicked the exe management team over the last 5 years and are driving the business forward with a clear 2026 business plan. For over 25 years they have forged a successful business working with blue chip clients in the industrial, residential, developer and government sectors. Currently turning over approx. $120M and employing a dedicated team of approx. 100 ppl Why apply for this…",140000.0
5634667882,Project Engineer,Talent Gauge,"Northern Beaches, Sydney Region",100000.0,110000.0,2026-02-19,Trade & Construction Jobs,"About the Company Our client is a specialist provider of tensile architectural solutions, delivering structural cable, rod and tensioned mesh systems to complex construction projects across Australia. With over 10 years in operation, they are experiencing strong national growth and continued project wins. About the Role Reporting to the General Manager – Construction, the Project Engineer is responsible for the day-to-day delivery and financial performance of assigned construction projects. You…",105000.0
5624488836,Head of Engineering,Lumi,"Sydney, Sydney Region",,,2026-02-12,IT Jobs,"Job Description THE ROLE Own end-to-end delivery of the product and tech roadmap, ensuring all solutions are technically achievable, aligned with long-term strategy and providing transparent communication to stakeholders. Provide strategic leadership to the Tech team. Champion engineering excellence by embedding best practices and disciplined decision-making into the team's daily workflow. Cultivate a high-performance culture rooted in psychological safety, autonomy, and continuous growth. Coll…",0.0
5626296894,Distribution Engineer,Egis Group,"Sydney, Sydney Region",,,2026-02-13,"Energy, Oil & Gas Jobs","Job Description We are seeking a Distribution Engineer with demonstrated expertise in electrical distribution within the NSW market to join our growing team. We have opportunities to work with key clients in the electrical utilities space locally and nationally, join us on our growth journey as we expand our capabilities in NSW! You will also be responsible for: Lead project delivery for key distribution projects across NSW and supporting project deliverables interstate as and when required Det…",0.0
5642555761,Engineering Surveyor,ConsultANZ,"Sydney, Sydney Region",90000.0,130000.0,2026-02-24,Engineering Jobs,"ConsultANZ requires the services of a Surveyor to work for our client, a specialist survey company. If you are a Surveyor looking to develop your career in gaining experience working on major infrastructure projects, then this one is for you. Main Duties: You will be responsible for surveying and setting out for construction delivery. Conduct accurate land surveys using equipment like total stations, GPS, and laser scanners. Prepare detailed survey plans and maps based on collected data. Analyz…",110000.0
5612578414,Citrix Engineer,Datacom,"The Rocks, Sydney",,,2026-02-04,IT Jobs,"Our Why Datacom works with organisations and communities across Australia and New Zealand to make a difference in people’s lives and help organisations use the power of tech to innovate and grow. About the Role (your why) We are seeking a Citrix Engineer to join our specialist support and projects team. You’ll interact directly with customers and other members of the Datacom teams to support technology-based solutions. You’ll be responsible for the support of Citrix environments, within contrac…",0.0
5605719760,Civil Engineer,Building Talent Recruitment,"Sydney, Sydney Region",110000.0,140000.0,2026-01-30,Trade & Construction Jobs,"The Company Market- leading civil specialist consultancy. Secured pipeline of long-term work with job stability guaranteed. Flexible working policy for al staff that includes 11 options such as WFH, flexible start and finish times, option to purchase additional leave, enhanced parental leave and birthday leave. Ability to work from any of their NSW offices. Wellbeing program that includes mental health first aiders, company support services and a program of wellbeing initiatives The Role Delive…",125000.0
5602764806,Field engineer,Datacom,"The Rocks, Sydney",90000.0,90000.0,2026-01-28,IT Jobs,"IT Field Engineer NSW (Metro & Regional Travel) Location: NSW (Sydney Metro  Regional NSW) Employment Type: Full-time Travel Requirement: Regular travel across metropolitan Sydney and regional NSW, including occasional overnight stays. Must Have AU full Driver's License and own Transportation Security Requirements : Citizens and Permanent Residents of Australia only. Our Why Datacom works with organisations and communities across Australia and New Zealand to make a difference in people’s lives …",90000.0
5636060630,Data Engineer,Zone IT Solutions,"The Rocks, Sydney",80000.0,180000.0,2026-02-20,IT Jobs,"We are currently seeking a highly motivated and experienced Data Engineer to a full-time position. You will be responsible for designing and implementing data architectures, integrating data from various sources, and optimizing data pipelines to ensure efficient and accurate data processing. Requirements Key responsibilities: Design and implement data architectures, including databases and processing systems Integrate data from various sources and ensure data quality and reliability Optimize da…",130000.0
5601753411,Linux Engineer,AC3,"Sydney, Sydney Region",140000.0,140000.0,2026-01-27,IT Jobs,"Who you’ll be working with At AC3, our purpose is to make technology real, and as leaders in secure multi-cloud solutions, we get to bring that purpose to life for our customers every day. We’re an Australian-owned ICT managed service provider with teams in Sydney, Melbourne, Brisbane, and Auckland, supporting more than 700 enterprise organisations and over 50% of the NSW State Government. Why join us? What sets us apart is our culture - people here have real relationships that go beyond work, …",140000.0
5621040658,Software Engineer,Corto Pty Ltd,"The Rocks, Sydney",,,2026-02-09,IT Jobs,"About the AI Services Team The AI Services Team is part of ATI - one of the largest international LegalTech companies. For more than 30 years, our curiosity and commitment to continual improvement has kept us reimagining productivity tools for lawyers and their staff to support our guiding purpose, to ‘Help lawyers who help people’. The market leading software we develop and support is used by more than 70,000 lawyers and their staff in small and medium sized law firms. Working in a small dynam…",0.0
5634068160,Linux Engineer,C4i Solutions,"Sydney, Sydney Region",,,2026-02-18,IT Jobs,"Be you with us – Shape the future of Defence and Technology C4i Solutions is a leading Technology, ICT, and Digital Solutions company, delivering real outcomes for our Defence, Government, and Industry partners. We're growing and we're looking for great people who share our values, believe in our mission, and care about what they do. People who value teamwork, take pride in their work, and want to make an impact. About the Role: As a Linux Engineer in C4i Solutions, you will be responsible for …",0.0
5621143055,Data Engineer,BizCover,"Sydney, Sydney Region",110000.0,130000.0,2026-02-09,IT Jobs,"Who are we? We are the leading online platform for comparing and buying business insurance. Not to toot our own horn, but we’re shaking things up in the SME business insurance market! We’re all about making it easy and efficient for small businesses to get the perfect coverage they need to stay protected. Say goodbye to headaches and hello to hassle-free insurance! Role Purpose? The purpose of this role is to contribute to changing how BizCover operates using data to drive decisions and exceed …",120000.0
5638166265,Software Engineer,Wipro Shelde Australia,"Sydney, Sydney Region",,,2026-02-21,IT Jobs,"Responsibilities:Responsibilities:- Strategic Planning and Solution Design:Collaborate with business leaders to define the scope, goals, and deliverables of Duck Creek implementations.Develop and maintain an end-to-end understanding of business processes and their alignment with Duck Creek solutions.Design scalable and flexible Duck Creek architecture to meet both current and future business needs. - Requirements Analysis:Elicit and document business requirements through workshops, interviews, …",0.0
5545324566,Software Engineer (Junior & Mid-level),Ofload,"The Rocks, Sydney",,,2025-12-17,IT Jobs,"This is a Software Engineer (Junior & Mid-level) role with Ofload based in Sydney, NSW, AU  Ofload  Role Seniority - junior More about the Software Engineer (Junior & Mid-level) role at Ofload About Ofload and Our Mission FreightTech is one of the most exciting spaces to be in right now, with the opportunity to transform one of the largest industries. Freight in Australia is a $66 billion market, yet it is analogue and has many inefficiencies: 30% of the time, trucks drive empty. Networks lack …",0.0
5630171349,"Software Engineer, Site Reliability Engineering",Google,"Sydney, Sydney Region",,,2026-02-15,IT Jobs,"info_outline X At Google, we have a vision of empowerment and equitable opportunity for all Aboriginal and Torres Strait Islander peoples and commit to building reconciliation through Google’s technology, platforms and people and we welcome Indigenous applicants. Please see our Reconciliation Action Plan for more information. Minimum qualifications: Bachelor’s degree in Computer Science, a related field, or equivalent practical experience. 2 years of experience with software development in one …",0.0
5630525816,"Software Engineer, Site Reliability Engineering",Google,"Sydney, Sydney Region",,,2026-02-15,IT Jobs,"Software Engineer, Site Reliability Engineering _corporate_fare_ Google _place_ Sydney NSW, Australia Mid Experience driving progress, solving problems, and mentoring more junior team members; deeper expertise and applied knowledge within relevant area. _info_outline_ X At Google, we have a vision of empowerment and equitable opportunity for all Aboriginal and Torres Strait Islander peoples and commit to building reconciliation through Google's technology, platforms and people and we welcome In…",0.0
5635681038,Senior Software Engineer - Data Engineering,Oracle,"North Ryde, Ryde Area",,,2026-02-19,IT Jobs,"Job Description The Senior Data Engineer / Analyst is a hands-on role that blends deep technical expertise in modern data engineering with strong analytical and consulting skills. This position focuses on building and maintaining real-time data pipelines, implementing scalable data mesh architectures, and developing analytical solutions that drive business insights and enable data-driven decision-making. As part of a world-class data team, you will design and model data solutions to support ana…",0.0
5470696223,Senior Software Engineer (Platform Engineering),ResMed,"Sydney, Sydney Region",,,2025-10-30,IT Jobs,"Global Technology Solutions (GTS) at ResMed is a division dedicated to creating innovative, scalable, and secure platforms and services for patients, providers, and people across ResMed. The primary goal of GTS is to accelerate well-being and growth by transforming the core, enabling patient, people, and partner outcomes, and building future-ready operations. The strategy of GTS focuses on aligning goals and promoting collaboration across all organizational areas. This includes fostering shared…",0.0
5475526507,Senior Software Engineer (Platform Engineering),Resmed,"Sydney, Sydney Region",,,2025-11-02,IT Jobs,"Global Technology Solutions (GTS) at ResMed is a division dedicated to creating innovative, scalable, and secure platforms and services for patients, providers, and people across ResMed. The primary goal of GTS is to accelerate well-being and growth by transforming the core, enabling patient, people, and partner outcomes, and building future-ready operations. The strategy of GTS focuses on aligning goals and promoting collaboration across all organizational areas. This includes fostering shared…",0.0
4851567849,Systems Engineer/ Test Engineer (Remote),PageUp TrainUp,"New South Wales, Australia",,,2024-09-04,IT Jobs,"Systems Integration / Test Engineer Aqua Corp specialises in software development, integration, test and support of large complex leading edge systems utilising the latest hardware and software technologies. Our headquarters is based in Barwon Lakes, Victoria, Australia; we also have sites at Edinburgh SA, Longreach QLD, Laverton WA and Newcastle NSW. We currently have vacancies for Systems Integration / Test Engineers to join the team. Primary Responsibilities: Plan, implement, test, document …",0.0
5637144227,Senior Site Reliability Engineer - Database Infrastructure,TikTok,"The Rocks, Sydney",,,2026-02-20,IT Jobs,"This is a Senior Site Reliability Engineer - Database Infrastructure role with TikTok based in Sydney, NSW, AU  TikTok  Role Seniority - senior More about the Senior Site Reliability Engineer - Database Infrastructure role at TikTok About the Team We manage critical infrastructure systems across storage, computing, and databases. As a leading SRE team at TikTok's Technical Infrastructure, we solve complex scalability challenges through expert system design and automation. You'll work independen…",0.0
5637159751,"Frontend Software Engineer - TikTok LIVE, Sydney",TikTok,"The Rocks, Sydney",,,2026-02-20,IT Jobs,"This is a Frontend Software Engineer - TikTok LIVE, Sydney role with TikTok based in Sydney, NSW, AU  TikTok  Role Seniority - mid level More about the Frontend Software Engineer - TikTok LIVE, Sydney role at TikTok About TikTok LIVE Revenue: TikTok Live revenue engineering team is responsible for building the cutting-edge revenue ecosystem which includes gifting and other revenue features that are innovative, secure and intuitive for our users. As an important member of the engineering team, y…",0.0
5640832945,Technical Support Escalation Engineer - Data Platform,Microsoft,"The Rocks, Sydney",,,2026-02-22,IT Jobs,"This is a Technical Support Escalation Engineer - Data Platform role with Microsoft based in Sydney, NSW, AU  Microsoft  Role Seniority - mid level, senior More about the Technical Support Escalation Engineer - Data Platform role at Microsoft Overview With more than 45,000 employees and partners worldwide, the Customer Experience and Success (CE&S) organization is on a mission to empower customers to accelerate business value through differentiated customer experiences that leverage Microsoft’s…",0.0
5637712273,"Software Engineer intern – Indexing & Clustering, Australia",Cisco,"The Rocks, Sydney",,,2026-02-20,IT Jobs,"This is a Software Engineer intern – Indexing & Clustering, Australia role with Cisco based in Sydney, NSW, AU  Cisco  Role Seniority - intern More about the Software Engineer intern – Indexing & Clustering, Australia role at Cisco Please note this posting is to advertise potential job opportunities. This exact role may not be open today but could open in the near future. When you apply, a Cisco representative may contact you directly if a relevant position opens. Location: Sydney Internship Du…",0.0
5637712310,Engineering Manager (BE) - Permissions and Capabilities (Remote ANZ),Canva,"The Rocks, Sydney",,,2026-02-20,IT Jobs,"This is a Engineering Manager (BE) - Permissions and Capabilities (Remote ANZ) role with Canva based in Sydney, NSW, AU  Canva  Role Seniority - mid level More about the Engineering Manager (BE) - Permissions and Capabilities (Remote ANZ) role at Canva Company Description Join the team redefining how the world experiences design. Hey, g'day, mabuhay, kia ora, 你好, hallo, vítejte! Thanks for stopping by. We know job hunting can be a little time-consuming, so we’ll get straight to the point. Where…",0.0
5636808647,Welder/Fabricator,Sunset Group Australia Pty Ltd,"Bathurst-Orange Region, New South Wales",78135.0,78135.0,2026-02-20,Manufacturing Jobs,"Welder/Fabricator Sunset Group Australia Pty Ltd Location: Bathurst NSW Employment Type: Permanent Full-Time The Role Sunset Group Australia Pty Ltd are seeking several Welder/Fabricators to fabricate fences, gates and custom pieces from our factory floor in Bathurst NSW. This is a permanent full-time position for successful candidates. This role will be remunerated at $78,135.50 before tax p.a. in addition to guaranteed superannuation. Position requirements - At least 3 years’ welding experien…",78135.0
5637538079,Senior Verification & Validation Engineer - Process Transformation,ResMed,"The Rocks, Sydney",,,2026-02-20,IT Jobs,"This is a Senior Verification & Validation Engineer - Process Transformation role with ResMed based in Sydney, NSW, AU  ResMed  Role Seniority - senior More about the Senior Verification & Validation Engineer - Process Transformation role at ResMed Let’s Talk About the Role We are seeking a Verification & Validation (V&V) Engineer who thrives at the intersection of engineering rigour and innovation. In this role, you won’t just execute V&V activities—you’ll reimagine how they’re done, applying …",0.0
